text,label,scam_type,elder_targeted,source,template_id
"Hi Pawpaw, it's me, I'm in trouble. I was in a car accident and I'm at the police station. I need $1,200 for bail but please don't tell Mom and Dad, I'm so embarrassed. Can you send it through a wire transfer today?",1,grandparent_scam,1,synthetic_ic3_grounded,grandparent_scam::0
"Hi Linda, it's me, I'm in trouble. I was in a car accident and I'm at the police station. I need $3,000 for bail but please don't tell Mom and Dad, I'm so embarrassed. Can you send it through a wire transfer today?",1,grandparent_scam,1,synthetic_ic3_grounded,grandparent_scam::0
"Hi Grandma, it's me, I'm in trouble. I was in a car accident and I'm at the police station. I need $1,800 for bail but please don't tell Mom and Dad, I'm so embarrassed. Can you send it through a wire transfer today?",1,grandparent_scam,1,synthetic_ic3_grounded,grandparent_scam::0
"Hi Pawpaw, it's me, I'm in trouble. I was in a car accident and I'm at the police station. I need $800 for bail but please don't tell Mom and Dad, I'm so embarrassed. Can you send it through a wire transfer today?",1,grandparent_scam,1,synthetic_ic3_grounded,grandparent_scam::0
"Hi Grandpa, it's me, I'm in trouble. I was in a car accident and I'm at the police station. I need $500 for bail but please don't tell Mom and Dad, I'm so embarrassed. Can you send it through a wire transfer today?",1,grandparent_scam,1,synthetic_ic3_grounded,grandparent_scam::0
"Hi Grandpa, it's me, I'm in trouble. I was in a car accident and I'm at the police station. I need $2,000 for bail but please don't tell Mom and Dad, I'm so embarrassed. Can you send it through a wire transfer today?",1,grandparent_scam,1,synthetic_ic3_grounded,grandparent_scam::0
"Hi Robert, it's me, I'm in trouble. I was in a car accident and I'm at the police station. I need $1,500 for bail but please don't tell Mom and Dad, I'm so embarrassed. Can you send it through a wire transfer today?",1,grandparent_scam,1,synthetic_ic3_grounded,grandparent_scam::0
"Hi Mom, it's me, I'm in trouble. I was in a car accident and I'm at the police station. I need $800 for bail but please don't tell Mom and Dad, I'm so embarrassed. Can you send it through a wire transfer today?",1,grandparent_scam,1,synthetic_ic3_grounded,grandparent_scam::0
"Mom?? It's your grandson, I broke my phone so this is a friend's number. I'm stuck in Mexico, I need $1,500 to get home. Please hurry and don't call my parents, I'll explain everything later.",1,grandparent_scam,1,synthetic_ic3_grounded,grandparent_scam::1
"Grandpa?? It's your grandson, I broke my phone so this is a friend's number. I'm stuck in Mexico, I need $650 to get home. Please hurry and don't call my parents, I'll explain everything later.",1,grandparent_scam,1,synthetic_ic3_grounded,grandparent_scam::1
"Uncle Jim?? It's your grandson, I broke my phone so this is a friend's number. I'm stuck in Mexico, I need $300 to get home. Please hurry and don't call my parents, I'll explain everything later.",1,grandparent_scam,1,synthetic_ic3_grounded,grandparent_scam::1
"Mom?? It's your grandson, I broke my phone so this is a friend's number. I'm stuck in Mexico, I need $3,000 to get home. Please hurry and don't call my parents, I'll explain everything later.",1,grandparent_scam,1,synthetic_ic3_grounded,grandparent_scam::1
"Mom?? It's your grandson, I broke my phone so this is a friend's number. I'm stuck in Mexico, I need $500 to get home. Please hurry and don't call my parents, I'll explain everything later.",1,grandparent_scam,1,synthetic_ic3_grounded,grandparent_scam::1
"Nana?? It's your grandson, I broke my phone so this is a friend's number. I'm stuck in Mexico, I need $2,500 to get home. Please hurry and don't call my parents, I'll explain everything later.",1,grandparent_scam,1,synthetic_ic3_grounded,grandparent_scam::1
"Dad?? It's your grandson, I broke my phone so this is a friend's number. I'm stuck in Mexico, I need $300 to get home. Please hurry and don't call my parents, I'll explain everything later.",1,grandparent_scam,1,synthetic_ic3_grounded,grandparent_scam::1
"Robert?? It's your grandson, I broke my phone so this is a friend's number. I'm stuck in Mexico, I need $300 to get home. Please hurry and don't call my parents, I'll explain everything later.",1,grandparent_scam,1,synthetic_ic3_grounded,grandparent_scam::1
"Grandma, please don't hang up. I'm in jail and I only get one call. My bail is set at $2,500. The lawyer said you can pay it with gift cards at the front desk. Please keep this between us.",1,grandparent_scam,1,synthetic_ic3_grounded,grandparent_scam::2
"Grandma, please don't hang up. I'm in jail and I only get one call. My bail is set at $800. The lawyer said you can pay it with gift cards at the front desk. Please keep this between us.",1,grandparent_scam,1,synthetic_ic3_grounded,grandparent_scam::2
"Grandma, please don't hang up. I'm in jail and I only get one call. My bail is set at $1,200. The lawyer said you can pay it with gift cards at the front desk. Please keep this between us.",1,grandparent_scam,1,synthetic_ic3_grounded,grandparent_scam::2
"Grandma, please don't hang up. I'm in jail and I only get one call. My bail is set at $3,000. The lawyer said you can pay it with gift cards at the front desk. Please keep this between us.",1,grandparent_scam,1,synthetic_ic3_grounded,grandparent_scam::2
"Grandma, please don't hang up. I'm in jail and I only get one call. My bail is set at $650. The lawyer said you can pay it with gift cards at the front desk. Please keep this between us.",1,grandparent_scam,1,synthetic_ic3_grounded,grandparent_scam::2
"Grandma, please don't hang up. I'm in jail and I only get one call. My bail is set at $2,000. The lawyer said you can pay it with gift cards at the front desk. Please keep this between us.",1,grandparent_scam,1,synthetic_ic3_grounded,grandparent_scam::2
"Grandma, please don't hang up. I'm in jail and I only get one call. My bail is set at $1,500. The lawyer said you can pay it with gift cards at the front desk. Please keep this between us.",1,grandparent_scam,1,synthetic_ic3_grounded,grandparent_scam::2
"Grandma, please don't hang up. I'm in jail and I only get one call. My bail is set at $300. The lawyer said you can pay it with gift cards at the front desk. Please keep this between us.",1,grandparent_scam,1,synthetic_ic3_grounded,grandparent_scam::2
"This is your granddaughter, I'm using a hospital phone. I was in an accident and need $300 for the deductible before they'll treat me. Can you go to the pharmacy and send a MoneyGram right now?",1,grandparent_scam,1,synthetic_ic3_grounded,grandparent_scam::3
"This is your granddaughter, I'm using a hospital phone. I was in an accident and need $500 for the deductible before they'll treat me. Can you go to the pharmacy and send a MoneyGram right now?",1,grandparent_scam,1,synthetic_ic3_grounded,grandparent_scam::3
"This is your granddaughter, I'm using a hospital phone. I was in an accident and need $3,000 for the deductible before they'll treat me. Can you go to the pharmacy and send a MoneyGram right now?",1,grandparent_scam,1,synthetic_ic3_grounded,grandparent_scam::3
"This is your granddaughter, I'm using a hospital phone. I was in an accident and need $800 for the deductible before they'll treat me. Can you go to the pharmacy and send a MoneyGram right now?",1,grandparent_scam,1,synthetic_ic3_grounded,grandparent_scam::3
"This is your granddaughter, I'm using a hospital phone. I was in an accident and need $1,800 for the deductible before they'll treat me. Can you go to the pharmacy and send a MoneyGram right now?",1,grandparent_scam,1,synthetic_ic3_grounded,grandparent_scam::3
"This is your granddaughter, I'm using a hospital phone. I was in an accident and need $1,200 for the deductible before they'll treat me. Can you go to the pharmacy and send a MoneyGram right now?",1,grandparent_scam,1,synthetic_ic3_grounded,grandparent_scam::3
"This is your granddaughter, I'm using a hospital phone. I was in an accident and need $2,000 for the deductible before they'll treat me. Can you go to the pharmacy and send a MoneyGram right now?",1,grandparent_scam,1,synthetic_ic3_grounded,grandparent_scam::3
"This is your granddaughter, I'm using a hospital phone. I was in an accident and need $2,500 for the deductible before they'll treat me. Can you go to the pharmacy and send a MoneyGram right now?",1,grandparent_scam,1,synthetic_ic3_grounded,grandparent_scam::3
"Grandpa, it's me, please don't be mad. I got pulled over and there was a warrant I didn't know about. The judge said I can pay $2,500 to avoid going to court but I need it by tonight. Please don't tell anyone yet.",1,grandparent_scam,1,synthetic_ic3_grounded,grandparent_scam::4
"Grandpa, it's me, please don't be mad. I got pulled over and there was a warrant I didn't know about. The judge said I can pay $1,800 to avoid going to court but I need it by tonight. Please don't tell anyone yet.",1,grandparent_scam,1,synthetic_ic3_grounded,grandparent_scam::4
"Uncle Jim, it's me, please don't be mad. I got pulled over and there was a warrant I didn't know about. The judge said I can pay $2,000 to avoid going to court but I need it by tonight. Please don't tell anyone yet.",1,grandparent_scam,1,synthetic_ic3_grounded,grandparent_scam::4
"Uncle Jim, it's me, please don't be mad. I got pulled over and there was a warrant I didn't know about. The judge said I can pay $300 to avoid going to court but I need it by tonight. Please don't tell anyone yet.",1,grandparent_scam,1,synthetic_ic3_grounded,grandparent_scam::4
"Grandma, it's me, please don't be mad. I got pulled over and there was a warrant I didn't know about. The judge said I can pay $500 to avoid going to court but I need it by tonight. Please don't tell anyone yet.",1,grandparent_scam,1,synthetic_ic3_grounded,grandparent_scam::4
"Grandma, it's me, please don't be mad. I got pulled over and there was a warrant I didn't know about. The judge said I can pay $2,500 to avoid going to court but I need it by tonight. Please don't tell anyone yet.",1,grandparent_scam,1,synthetic_ic3_grounded,grandparent_scam::4
"Mom, it's me, please don't be mad. I got pulled over and there was a warrant I didn't know about. The judge said I can pay $300 to avoid going to court but I need it by tonight. Please don't tell anyone yet.",1,grandparent_scam,1,synthetic_ic3_grounded,grandparent_scam::4
"Grandpa, it's me, please don't be mad. I got pulled over and there was a warrant I didn't know about. The judge said I can pay $650 to avoid going to court but I need it by tonight. Please don't tell anyone yet.",1,grandparent_scam,1,synthetic_ic3_grounded,grandparent_scam::4
"Hi Dad, this is your grandson's lawyer. He asked me to call you directly. He was in a minor accident and needs $500 for his bail to be released today. He's very embarrassed and asked that this stay between us for now.",1,grandparent_scam,1,synthetic_ic3_grounded,grandparent_scam::5
"Hi Nana, this is your grandson's lawyer. He asked me to call you directly. He was in a minor accident and needs $2,500 for his bail to be released today. He's very embarrassed and asked that this stay between us for now.",1,grandparent_scam,1,synthetic_ic3_grounded,grandparent_scam::5
"Hi Robert, this is your grandson's lawyer. He asked me to call you directly. He was in a minor accident and needs $800 for his bail to be released today. He's very embarrassed and asked that this stay between us for now.",1,grandparent_scam,1,synthetic_ic3_grounded,grandparent_scam::5
"Hi Pawpaw, this is your grandson's lawyer. He asked me to call you directly. He was in a minor accident and needs $300 for his bail to be released today. He's very embarrassed and asked that this stay between us for now.",1,grandparent_scam,1,synthetic_ic3_grounded,grandparent_scam::5
"Hi Grandma, this is your grandson's lawyer. He asked me to call you directly. He was in a minor accident and needs $300 for his bail to be released today. He's very embarrassed and asked that this stay between us for now.",1,grandparent_scam,1,synthetic_ic3_grounded,grandparent_scam::5
"Hi Dad, this is your grandson's lawyer. He asked me to call you directly. He was in a minor accident and needs $2,000 for his bail to be released today. He's very embarrassed and asked that this stay between us for now.",1,grandparent_scam,1,synthetic_ic3_grounded,grandparent_scam::5
"Hi Robert, this is your grandson's lawyer. He asked me to call you directly. He was in a minor accident and needs $500 for his bail to be released today. He's very embarrassed and asked that this stay between us for now.",1,grandparent_scam,1,synthetic_ic3_grounded,grandparent_scam::5
"Hi Robert, this is your grandson's lawyer. He asked me to call you directly. He was in a minor accident and needs $3,000 for his bail to be released today. He's very embarrassed and asked that this stay between us for now.",1,grandparent_scam,1,synthetic_ic3_grounded,grandparent_scam::5
"Nana? It's me, I lost my wallet and passport on my trip and the embassy needs $1,500 to issue an emergency travel document. Can you send it today so I don't miss my flight home?",1,grandparent_scam,1,synthetic_ic3_grounded,grandparent_scam::6
"Mom? It's me, I lost my wallet and passport on my trip and the embassy needs $1,500 to issue an emergency travel document. Can you send it today so I don't miss my flight home?",1,grandparent_scam,1,synthetic_ic3_grounded,grandparent_scam::6
"Mom? It's me, I lost my wallet and passport on my trip and the embassy needs $650 to issue an emergency travel document. Can you send it today so I don't miss my flight home?",1,grandparent_scam,1,synthetic_ic3_grounded,grandparent_scam::6
"Aunt Carol? It's me, I lost my wallet and passport on my trip and the embassy needs $300 to issue an emergency travel document. Can you send it today so I don't miss my flight home?",1,grandparent_scam,1,synthetic_ic3_grounded,grandparent_scam::6
"Pawpaw? It's me, I lost my wallet and passport on my trip and the embassy needs $500 to issue an emergency travel document. Can you send it today so I don't miss my flight home?",1,grandparent_scam,1,synthetic_ic3_grounded,grandparent_scam::6
"Uncle Jim? It's me, I lost my wallet and passport on my trip and the embassy needs $2,000 to issue an emergency travel document. Can you send it today so I don't miss my flight home?",1,grandparent_scam,1,synthetic_ic3_grounded,grandparent_scam::6
"Pawpaw? It's me, I lost my wallet and passport on my trip and the embassy needs $300 to issue an emergency travel document. Can you send it today so I don't miss my flight home?",1,grandparent_scam,1,synthetic_ic3_grounded,grandparent_scam::6
"Aunt Carol? It's me, I lost my wallet and passport on my trip and the embassy needs $1,800 to issue an emergency travel document. Can you send it today so I don't miss my flight home?",1,grandparent_scam,1,synthetic_ic3_grounded,grandparent_scam::6
"Nana, it's me, I'm so sorry to ask this. My car broke down and the mechanic won't release it until I pay $1,200. Can you send it as gift cards? I'll pay you back as soon as I get home, please don't tell Mom.",1,grandparent_scam,1,synthetic_ic3_grounded,grandparent_scam::7
"Nana, it's me, I'm so sorry to ask this. My car broke down and the mechanic won't release it until I pay $2,000. Can you send it as gift cards? I'll pay you back as soon as I get home, please don't tell Mom.",1,grandparent_scam,1,synthetic_ic3_grounded,grandparent_scam::7
"Nana, it's me, I'm so sorry to ask this. My car broke down and the mechanic won't release it until I pay $500. Can you send it as gift cards? I'll pay you back as soon as I get home, please don't tell Mom.",1,grandparent_scam,1,synthetic_ic3_grounded,grandparent_scam::7
"Nana, it's me, I'm so sorry to ask this. My car broke down and the mechanic won't release it until I pay $1,500. Can you send it as gift cards? I'll pay you back as soon as I get home, please don't tell Mom.",1,grandparent_scam,1,synthetic_ic3_grounded,grandparent_scam::7
"Nana, it's me, I'm so sorry to ask this. My car broke down and the mechanic won't release it until I pay $800. Can you send it as gift cards? I'll pay you back as soon as I get home, please don't tell Mom.",1,grandparent_scam,1,synthetic_ic3_grounded,grandparent_scam::7
"Nana, it's me, I'm so sorry to ask this. My car broke down and the mechanic won't release it until I pay $650. Can you send it as gift cards? I'll pay you back as soon as I get home, please don't tell Mom.",1,grandparent_scam,1,synthetic_ic3_grounded,grandparent_scam::7
"Nana, it's me, I'm so sorry to ask this. My car broke down and the mechanic won't release it until I pay $1,800. Can you send it as gift cards? I'll pay you back as soon as I get home, please don't tell Mom.",1,grandparent_scam,1,synthetic_ic3_grounded,grandparent_scam::7
"Nana, it's me, I'm so sorry to ask this. My car broke down and the mechanic won't release it until I pay $2,500. Can you send it as gift cards? I'll pay you back as soon as I get home, please don't tell Mom.",1,grandparent_scam,1,synthetic_ic3_grounded,grandparent_scam::7
"Linda, please listen carefully, I don't have much time on this phone. I was in a small accident and the other driver wants $2,500 cash today or he's calling the police. Please don't tell Dad, I'll pay you back.",1,grandparent_scam,1,synthetic_ic3_grounded,grandparent_scam::8
"Pawpaw, please listen carefully, I don't have much time on this phone. I was in a small accident and the other driver wants $1,800 cash today or he's calling the police. Please don't tell Dad, I'll pay you back.",1,grandparent_scam,1,synthetic_ic3_grounded,grandparent_scam::8
"Dad, please listen carefully, I don't have much time on this phone. I was in a small accident and the other driver wants $800 cash today or he's calling the police. Please don't tell Dad, I'll pay you back.",1,grandparent_scam,1,synthetic_ic3_grounded,grandparent_scam::8
"Linda, please listen carefully, I don't have much time on this phone. I was in a small accident and the other driver wants $1,500 cash today or he's calling the police. Please don't tell Dad, I'll pay you back.",1,grandparent_scam,1,synthetic_ic3_grounded,grandparent_scam::8
"Robert, please listen carefully, I don't have much time on this phone. I was in a small accident and the other driver wants $2,000 cash today or he's calling the police. Please don't tell Dad, I'll pay you back.",1,grandparent_scam,1,synthetic_ic3_grounded,grandparent_scam::8
"Robert, please listen carefully, I don't have much time on this phone. I was in a small accident and the other driver wants $1,500 cash today or he's calling the police. Please don't tell Dad, I'll pay you back.",1,grandparent_scam,1,synthetic_ic3_grounded,grandparent_scam::8
"Nana, please listen carefully, I don't have much time on this phone. I was in a small accident and the other driver wants $1,500 cash today or he's calling the police. Please don't tell Dad, I'll pay you back.",1,grandparent_scam,1,synthetic_ic3_grounded,grandparent_scam::8
"Grandma, please listen carefully, I don't have much time on this phone. I was in a small accident and the other driver wants $3,000 cash today or he's calling the police. Please don't tell Dad, I'll pay you back.",1,grandparent_scam,1,synthetic_ic3_grounded,grandparent_scam::8
"It's me Dad, please don't hang up, I know my voice sounds different, I have a bad cold. I need $300 wired today for a legal problem and I really don't want the rest of the family to worry about it.",1,grandparent_scam,1,synthetic_ic3_grounded,grandparent_scam::9
"It's me Pawpaw, please don't hang up, I know my voice sounds different, I have a bad cold. I need $1,500 wired today for a legal problem and I really don't want the rest of the family to worry about it.",1,grandparent_scam,1,synthetic_ic3_grounded,grandparent_scam::9
"It's me Mom, please don't hang up, I know my voice sounds different, I have a bad cold. I need $1,500 wired today for a legal problem and I really don't want the rest of the family to worry about it.",1,grandparent_scam,1,synthetic_ic3_grounded,grandparent_scam::9
"It's me Robert, please don't hang up, I know my voice sounds different, I have a bad cold. I need $1,200 wired today for a legal problem and I really don't want the rest of the family to worry about it.",1,grandparent_scam,1,synthetic_ic3_grounded,grandparent_scam::9
"It's me Pawpaw, please don't hang up, I know my voice sounds different, I have a bad cold. I need $300 wired today for a legal problem and I really don't want the rest of the family to worry about it.",1,grandparent_scam,1,synthetic_ic3_grounded,grandparent_scam::9
"It's me Nana, please don't hang up, I know my voice sounds different, I have a bad cold. I need $300 wired today for a legal problem and I really don't want the rest of the family to worry about it.",1,grandparent_scam,1,synthetic_ic3_grounded,grandparent_scam::9
"It's me Nana, please don't hang up, I know my voice sounds different, I have a bad cold. I need $2,000 wired today for a legal problem and I really don't want the rest of the family to worry about it.",1,grandparent_scam,1,synthetic_ic3_grounded,grandparent_scam::9
"It's me Nana, please don't hang up, I know my voice sounds different, I have a bad cold. I need $1,200 wired today for a legal problem and I really don't want the rest of the family to worry about it.",1,grandparent_scam,1,synthetic_ic3_grounded,grandparent_scam::9
"Hi Grandpa, this is the ER nurse calling on behalf of your grandchild. They asked me to reach you directly -- they need $500 for a procedure not covered by insurance and asked that we keep this between us for now.",1,grandparent_scam,1,synthetic_ic3_grounded,grandparent_scam::10
"Hi Mom, this is the ER nurse calling on behalf of your grandchild. They asked me to reach you directly -- they need $1,800 for a procedure not covered by insurance and asked that we keep this between us for now.",1,grandparent_scam,1,synthetic_ic3_grounded,grandparent_scam::10
"Hi Pawpaw, this is the ER nurse calling on behalf of your grandchild. They asked me to reach you directly -- they need $800 for a procedure not covered by insurance and asked that we keep this between us for now.",1,grandparent_scam,1,synthetic_ic3_grounded,grandparent_scam::10
"Hi Grandma, this is the ER nurse calling on behalf of your grandchild. They asked me to reach you directly -- they need $800 for a procedure not covered by insurance and asked that we keep this between us for now.",1,grandparent_scam,1,synthetic_ic3_grounded,grandparent_scam::10
"Hi Grandma, this is the ER nurse calling on behalf of your grandchild. They asked me to reach you directly -- they need $300 for a procedure not covered by insurance and asked that we keep this between us for now.",1,grandparent_scam,1,synthetic_ic3_grounded,grandparent_scam::10
"Hi Mom, this is the ER nurse calling on behalf of your grandchild. They asked me to reach you directly -- they need $2,000 for a procedure not covered by insurance and asked that we keep this between us for now.",1,grandparent_scam,1,synthetic_ic3_grounded,grandparent_scam::10
"Hi Pawpaw, this is the ER nurse calling on behalf of your grandchild. They asked me to reach you directly -- they need $2,000 for a procedure not covered by insurance and asked that we keep this between us for now.",1,grandparent_scam,1,synthetic_ic3_grounded,grandparent_scam::10
"Hi Grandma, this is the ER nurse calling on behalf of your grandchild. They asked me to reach you directly -- they need $3,000 for a procedure not covered by insurance and asked that we keep this between us for now.",1,grandparent_scam,1,synthetic_ic3_grounded,grandparent_scam::10
"Grandma, I'm calling from the county jail, this call may be recorded. I was arrested last night, I need $1,200 for bond and a legal fee. My public defender says gift cards work fastest, please hurry.",1,grandparent_scam,1,synthetic_ic3_grounded,grandparent_scam::11
"Dad, I'm calling from the county jail, this call may be recorded. I was arrested last night, I need $3,000 for bond and a legal fee. My public defender says gift cards work fastest, please hurry.",1,grandparent_scam,1,synthetic_ic3_grounded,grandparent_scam::11
"Grandpa, I'm calling from the county jail, this call may be recorded. I was arrested last night, I need $2,500 for bond and a legal fee. My public defender says gift cards work fastest, please hurry.",1,grandparent_scam,1,synthetic_ic3_grounded,grandparent_scam::11
"Pawpaw, I'm calling from the county jail, this call may be recorded. I was arrested last night, I need $1,800 for bond and a legal fee. My public defender says gift cards work fastest, please hurry.",1,grandparent_scam,1,synthetic_ic3_grounded,grandparent_scam::11
"Uncle Jim, I'm calling from the county jail, this call may be recorded. I was arrested last night, I need $3,000 for bond and a legal fee. My public defender says gift cards work fastest, please hurry.",1,grandparent_scam,1,synthetic_ic3_grounded,grandparent_scam::11
"Grandma, I'm calling from the county jail, this call may be recorded. I was arrested last night, I need $2,500 for bond and a legal fee. My public defender says gift cards work fastest, please hurry.",1,grandparent_scam,1,synthetic_ic3_grounded,grandparent_scam::11
"Nana, I'm calling from the county jail, this call may be recorded. I was arrested last night, I need $2,500 for bond and a legal fee. My public defender says gift cards work fastest, please hurry.",1,grandparent_scam,1,synthetic_ic3_grounded,grandparent_scam::11
"Linda, I'm calling from the county jail, this call may be recorded. I was arrested last night, I need $1,200 for bond and a legal fee. My public defender says gift cards work fastest, please hurry.",1,grandparent_scam,1,synthetic_ic3_grounded,grandparent_scam::11
"It's your grandchild, please don't be upset. I'm overseas and got robbed, I lost everything including my passport. I need $650 sent through a cryptocurrency wallet today so I can get an emergency flight home.",1,grandparent_scam,1,synthetic_ic3_grounded,grandparent_scam::12
"It's your grandchild, please don't be upset. I'm overseas and got robbed, I lost everything including my passport. I need $2,500 sent through USDT today so I can get an emergency flight home.",1,grandparent_scam,1,synthetic_ic3_grounded,grandparent_scam::12
"It's your grandchild, please don't be upset. I'm overseas and got robbed, I lost everything including my passport. I need $800 sent through USDT today so I can get an emergency flight home.",1,grandparent_scam,1,synthetic_ic3_grounded,grandparent_scam::12
"It's your grandchild, please don't be upset. I'm overseas and got robbed, I lost everything including my passport. I need $650 sent through Ethereum today so I can get an emergency flight home.",1,grandparent_scam,1,synthetic_ic3_grounded,grandparent_scam::12
"It's your grandchild, please don't be upset. I'm overseas and got robbed, I lost everything including my passport. I need $2,000 sent through USDT today so I can get an emergency flight home.",1,grandparent_scam,1,synthetic_ic3_grounded,grandparent_scam::12
"It's your grandchild, please don't be upset. I'm overseas and got robbed, I lost everything including my passport. I need $3,000 sent through Bitcoin today so I can get an emergency flight home.",1,grandparent_scam,1,synthetic_ic3_grounded,grandparent_scam::12
"It's your grandchild, please don't be upset. I'm overseas and got robbed, I lost everything including my passport. I need $800 sent through Ethereum today so I can get an emergency flight home.",1,grandparent_scam,1,synthetic_ic3_grounded,grandparent_scam::12
"It's your grandchild, please don't be upset. I'm overseas and got robbed, I lost everything including my passport. I need $2,500 sent through Bitcoin today so I can get an emergency flight home.",1,grandparent_scam,1,synthetic_ic3_grounded,grandparent_scam::12
This is an automated message from the U.S. Marshals Service. Your Social Security number has been suspended due to suspicious activity. Press 1 now to speak with an officer or your benefits will be permanently terminated.,1,government_impersonation,1,synthetic_ic3_grounded,government_impersonation::0
This is an automated message from the Department of Treasury. Your Social Security number has been suspended due to suspicious activity. Press 1 now to speak with an officer or your benefits will be permanently terminated.,1,government_impersonation,1,synthetic_ic3_grounded,government_impersonation::0
This is an automated message from the Department of Homeland Security. Your Social Security number has been suspended due to suspicious activity. Press 1 now to speak with an officer or your benefits will be permanently terminated.,1,government_impersonation,1,synthetic_ic3_grounded,government_impersonation::0
This is an automated message from Medicaid. Your Social Security number has been suspended due to suspicious activity. Press 1 now to speak with an officer or your benefits will be permanently terminated.,1,government_impersonation,1,synthetic_ic3_grounded,government_impersonation::0
This is an automated message from the Social Security Administration. Your Social Security number has been suspended due to suspicious activity. Press 1 now to speak with an officer or your benefits will be permanently terminated.,1,government_impersonation,1,synthetic_ic3_grounded,government_impersonation::0
This is an automated message from the IRS. Your Social Security number has been suspended due to suspicious activity. Press 1 now to speak with an officer or your benefits will be permanently terminated.,1,government_impersonation,1,synthetic_ic3_grounded,government_impersonation::0
This is an automated message from Medicare. Your Social Security number has been suspended due to suspicious activity. Press 1 now to speak with an officer or your benefits will be permanently terminated.,1,government_impersonation,1,synthetic_ic3_grounded,government_impersonation::0
"URGENT: the U.S. Marshals Service has filed a lawsuit against you for unpaid taxes. To avoid arrest, you must call this number immediately and settle the balance of $2,500 using gift cards.",1,government_impersonation,1,synthetic_ic3_grounded,government_impersonation::1
"URGENT: the IRS has filed a lawsuit against you for unpaid taxes. To avoid arrest, you must call this number immediately and settle the balance of $2,500 using gift cards.",1,government_impersonation,1,synthetic_ic3_grounded,government_impersonation::1
"URGENT: the Department of Homeland Security has filed a lawsuit against you for unpaid taxes. To avoid arrest, you must call this number immediately and settle the balance of $2,500 using gift cards.",1,government_impersonation,1,synthetic_ic3_grounded,government_impersonation::1
"URGENT: the U.S. Marshals Service has filed a lawsuit against you for unpaid taxes. To avoid arrest, you must call this number immediately and settle the balance of $1,800 using gift cards.",1,government_impersonation,1,synthetic_ic3_grounded,government_impersonation::1
"URGENT: the Department of Treasury has filed a lawsuit against you for unpaid taxes. To avoid arrest, you must call this number immediately and settle the balance of $1,200 using gift cards.",1,government_impersonation,1,synthetic_ic3_grounded,government_impersonation::1
"URGENT: the Department of Treasury has filed a lawsuit against you for unpaid taxes. To avoid arrest, you must call this number immediately and settle the balance of $2,500 using gift cards.",1,government_impersonation,1,synthetic_ic3_grounded,government_impersonation::1
"URGENT: Medicaid has filed a lawsuit against you for unpaid taxes. To avoid arrest, you must call this number immediately and settle the balance of $1,800 using gift cards.",1,government_impersonation,1,synthetic_ic3_grounded,government_impersonation::1
"URGENT: Medicare has filed a lawsuit against you for unpaid taxes. To avoid arrest, you must call this number immediately and settle the balance of $1,500 using gift cards.",1,government_impersonation,1,synthetic_ic3_grounded,government_impersonation::1
"Your Medicare benefits are set to expire today. To keep your coverage active, please verify your Medicare number and date of birth by calling the number below within 24 hours.",1,government_impersonation,1,synthetic_ic3_grounded,government_impersonation::2
"This is Officer Daniels with the IRS. A warrant has been issued for your arrest due to missed jury duty. You can resolve this by paying a $1,800 processing fee over the phone right now.",1,government_impersonation,1,synthetic_ic3_grounded,government_impersonation::3
"This is Officer Daniels with the Department of Homeland Security. A warrant has been issued for your arrest due to missed jury duty. You can resolve this by paying a $1,200 processing fee over the phone right now.",1,government_impersonation,1,synthetic_ic3_grounded,government_impersonation::3
"This is Officer Daniels with Medicaid. A warrant has been issued for your arrest due to missed jury duty. You can resolve this by paying a $3,000 processing fee over the phone right now.",1,government_impersonation,1,synthetic_ic3_grounded,government_impersonation::3
"This is Officer Daniels with the Department of Treasury. A warrant has been issued for your arrest due to missed jury duty. You can resolve this by paying a $1,800 processing fee over the phone right now.",1,government_impersonation,1,synthetic_ic3_grounded,government_impersonation::3
"This is Officer Daniels with Medicare. A warrant has been issued for your arrest due to missed jury duty. You can resolve this by paying a $1,200 processing fee over the phone right now.",1,government_impersonation,1,synthetic_ic3_grounded,government_impersonation::3
This is Officer Daniels with the U.S. Marshals Service. A warrant has been issued for your arrest due to missed jury duty. You can resolve this by paying a $800 processing fee over the phone right now.,1,government_impersonation,1,synthetic_ic3_grounded,government_impersonation::3
This is Officer Daniels with the Department of Treasury. A warrant has been issued for your arrest due to missed jury duty. You can resolve this by paying a $500 processing fee over the phone right now.,1,government_impersonation,1,synthetic_ic3_grounded,government_impersonation::3
This is Officer Daniels with the Department of Homeland Security. A warrant has been issued for your arrest due to missed jury duty. You can resolve this by paying a $800 processing fee over the phone right now.,1,government_impersonation,1,synthetic_ic3_grounded,government_impersonation::3
"Attention: the Department of Homeland Security has detected an error on your latest tax filing. A refund of $1,500 is pending, but you must confirm your bank account and Social Security number to release it.",1,government_impersonation,1,synthetic_ic3_grounded,government_impersonation::4
"Attention: Medicare has detected an error on your latest tax filing. A refund of $1,200 is pending, but you must confirm your bank account and Social Security number to release it.",1,government_impersonation,1,synthetic_ic3_grounded,government_impersonation::4
"Attention: the IRS has detected an error on your latest tax filing. A refund of $1,200 is pending, but you must confirm your bank account and Social Security number to release it.",1,government_impersonation,1,synthetic_ic3_grounded,government_impersonation::4
"Attention: Medicaid has detected an error on your latest tax filing. A refund of $2,500 is pending, but you must confirm your bank account and Social Security number to release it.",1,government_impersonation,1,synthetic_ic3_grounded,government_impersonation::4
"Attention: the Social Security Administration has detected an error on your latest tax filing. A refund of $1,500 is pending, but you must confirm your bank account and Social Security number to release it.",1,government_impersonation,1,synthetic_ic3_grounded,government_impersonation::4
"Attention: the U.S. Marshals Service has detected an error on your latest tax filing. A refund of $2,000 is pending, but you must confirm your bank account and Social Security number to release it.",1,government_impersonation,1,synthetic_ic3_grounded,government_impersonation::4
"Attention: the Department of Homeland Security has detected an error on your latest tax filing. A refund of $650 is pending, but you must confirm your bank account and Social Security number to release it.",1,government_impersonation,1,synthetic_ic3_grounded,government_impersonation::4
"Attention: the Social Security Administration has detected an error on your latest tax filing. A refund of $500 is pending, but you must confirm your bank account and Social Security number to release it.",1,government_impersonation,1,synthetic_ic3_grounded,government_impersonation::4
This is a final notice from Medicaid. Failure to respond within 24 hours will result in suspension of your benefits and a referral to law enforcement. Call immediately to avoid legal action.,1,government_impersonation,1,synthetic_ic3_grounded,government_impersonation::5
This is a final notice from Medicare. Failure to respond within 24 hours will result in suspension of your benefits and a referral to law enforcement. Call immediately to avoid legal action.,1,government_impersonation,1,synthetic_ic3_grounded,government_impersonation::5
This is a final notice from the Department of Homeland Security. Failure to respond within 24 hours will result in suspension of your benefits and a referral to law enforcement. Call immediately to avoid legal action.,1,government_impersonation,1,synthetic_ic3_grounded,government_impersonation::5
This is a final notice from the Social Security Administration. Failure to respond within 24 hours will result in suspension of your benefits and a referral to law enforcement. Call immediately to avoid legal action.,1,government_impersonation,1,synthetic_ic3_grounded,government_impersonation::5
This is a final notice from the U.S. Marshals Service. Failure to respond within 24 hours will result in suspension of your benefits and a referral to law enforcement. Call immediately to avoid legal action.,1,government_impersonation,1,synthetic_ic3_grounded,government_impersonation::5
This is a final notice from the IRS. Failure to respond within 24 hours will result in suspension of your benefits and a referral to law enforcement. Call immediately to avoid legal action.,1,government_impersonation,1,synthetic_ic3_grounded,government_impersonation::5
This is a final notice from the Department of Treasury. Failure to respond within 24 hours will result in suspension of your benefits and a referral to law enforcement. Call immediately to avoid legal action.,1,government_impersonation,1,synthetic_ic3_grounded,government_impersonation::5
"Your case has been forwarded to the Department of Treasury for review due to unpaid fees of $1,200. To avoid a hold on your bank account, please call this number and settle the balance using a wire transfer.",1,government_impersonation,1,synthetic_ic3_grounded,government_impersonation::6
"Your case has been forwarded to the U.S. Marshals Service for review due to unpaid fees of $300. To avoid a hold on your bank account, please call this number and settle the balance using a wire transfer.",1,government_impersonation,1,synthetic_ic3_grounded,government_impersonation::6
"Your case has been forwarded to the IRS for review due to unpaid fees of $1,500. To avoid a hold on your bank account, please call this number and settle the balance using a wire transfer.",1,government_impersonation,1,synthetic_ic3_grounded,government_impersonation::6
"Your case has been forwarded to the Department of Homeland Security for review due to unpaid fees of $650. To avoid a hold on your bank account, please call this number and settle the balance using a wire transfer.",1,government_impersonation,1,synthetic_ic3_grounded,government_impersonation::6
"Your case has been forwarded to the Department of Treasury for review due to unpaid fees of $800. To avoid a hold on your bank account, please call this number and settle the balance using a wire transfer.",1,government_impersonation,1,synthetic_ic3_grounded,government_impersonation::6
"Your case has been forwarded to the IRS for review due to unpaid fees of $3,000. To avoid a hold on your bank account, please call this number and settle the balance using a wire transfer.",1,government_impersonation,1,synthetic_ic3_grounded,government_impersonation::6
"Your case has been forwarded to the Social Security Administration for review due to unpaid fees of $2,000. To avoid a hold on your bank account, please call this number and settle the balance using a wire transfer.",1,government_impersonation,1,synthetic_ic3_grounded,government_impersonation::6
"Your case has been forwarded to the IRS for review due to unpaid fees of $2,500. To avoid a hold on your bank account, please call this number and settle the balance using a wire transfer.",1,government_impersonation,1,synthetic_ic3_grounded,government_impersonation::6
WARNING: Your computer has been infected with a virus and your personal files are at risk. Call Apple Support immediately at the number on your screen to prevent data loss. Do not restart your computer.,1,tech_support_scam,1,synthetic_ic3_grounded,tech_support_scam::0
WARNING: Your computer has been infected with a virus and your personal files are at risk. Call Microsoft Support immediately at the number on your screen to prevent data loss. Do not restart your computer.,1,tech_support_scam,1,synthetic_ic3_grounded,tech_support_scam::0
WARNING: Your computer has been infected with a virus and your personal files are at risk. Call Dell Support Support immediately at the number on your screen to prevent data loss. Do not restart your computer.,1,tech_support_scam,1,synthetic_ic3_grounded,tech_support_scam::0
WARNING: Your computer has been infected with a virus and your personal files are at risk. Call HP Support Support immediately at the number on your screen to prevent data loss. Do not restart your computer.,1,tech_support_scam,1,synthetic_ic3_grounded,tech_support_scam::0
WARNING: Your computer has been infected with a virus and your personal files are at risk. Call PayPal Support immediately at the number on your screen to prevent data loss. Do not restart your computer.,1,tech_support_scam,1,synthetic_ic3_grounded,tech_support_scam::0
WARNING: Your computer has been infected with a virus and your personal files are at risk. Call Geek Squad Support immediately at the number on your screen to prevent data loss. Do not restart your computer.,1,tech_support_scam,1,synthetic_ic3_grounded,tech_support_scam::0
WARNING: Your computer has been infected with a virus and your personal files are at risk. Call Amazon Support immediately at the number on your screen to prevent data loss. Do not restart your computer.,1,tech_support_scam,1,synthetic_ic3_grounded,tech_support_scam::0
WARNING: Your computer has been infected with a virus and your personal files are at risk. Call Norton Support immediately at the number on your screen to prevent data loss. Do not restart your computer.,1,tech_support_scam,1,synthetic_ic3_grounded,tech_support_scam::0
"This is Dell Support Technical Support. We detected unusual activity on your account from a device in another country. To secure your computer, please allow us remote access so we can remove the threat.",1,tech_support_scam,1,synthetic_ic3_grounded,tech_support_scam::1
"This is Microsoft Technical Support. We detected unusual activity on your account from a device in another country. To secure your computer, please allow us remote access so we can remove the threat.",1,tech_support_scam,1,synthetic_ic3_grounded,tech_support_scam::1
"This is Apple Technical Support. We detected unusual activity on your account from a device in another country. To secure your computer, please allow us remote access so we can remove the threat.",1,tech_support_scam,1,synthetic_ic3_grounded,tech_support_scam::1
"This is Geek Squad Technical Support. We detected unusual activity on your account from a device in another country. To secure your computer, please allow us remote access so we can remove the threat.",1,tech_support_scam,1,synthetic_ic3_grounded,tech_support_scam::1
"This is Amazon Technical Support. We detected unusual activity on your account from a device in another country. To secure your computer, please allow us remote access so we can remove the threat.",1,tech_support_scam,1,synthetic_ic3_grounded,tech_support_scam::1
"This is Norton Technical Support. We detected unusual activity on your account from a device in another country. To secure your computer, please allow us remote access so we can remove the threat.",1,tech_support_scam,1,synthetic_ic3_grounded,tech_support_scam::1
"This is HP Support Technical Support. We detected unusual activity on your account from a device in another country. To secure your computer, please allow us remote access so we can remove the threat.",1,tech_support_scam,1,synthetic_ic3_grounded,tech_support_scam::1
"This is PayPal Technical Support. We detected unusual activity on your account from a device in another country. To secure your computer, please allow us remote access so we can remove the threat.",1,tech_support_scam,1,synthetic_ic3_grounded,tech_support_scam::1
"Your antivirus subscription with Norton has renewed for $300. If you did not authorize this charge, call our billing department now to process a refund and we will need access to your bank account to verify.",1,tech_support_scam,1,synthetic_ic3_grounded,tech_support_scam::2
"Your antivirus subscription with Norton has renewed for $2,500. If you did not authorize this charge, call our billing department now to process a refund and we will need access to your bank account to verify.",1,tech_support_scam,1,synthetic_ic3_grounded,tech_support_scam::2
"Your antivirus subscription with Apple has renewed for $1,200. If you did not authorize this charge, call our billing department now to process a refund and we will need access to your bank account to verify.",1,tech_support_scam,1,synthetic_ic3_grounded,tech_support_scam::2
"Your antivirus subscription with Norton has renewed for $1,200. If you did not authorize this charge, call our billing department now to process a refund and we will need access to your bank account to verify.",1,tech_support_scam,1,synthetic_ic3_grounded,tech_support_scam::2
"Your antivirus subscription with Apple has renewed for $1,500. If you did not authorize this charge, call our billing department now to process a refund and we will need access to your bank account to verify.",1,tech_support_scam,1,synthetic_ic3_grounded,tech_support_scam::2
"Your antivirus subscription with Geek Squad has renewed for $650. If you did not authorize this charge, call our billing department now to process a refund and we will need access to your bank account to verify.",1,tech_support_scam,1,synthetic_ic3_grounded,tech_support_scam::2
"Your antivirus subscription with Apple has renewed for $650. If you did not authorize this charge, call our billing department now to process a refund and we will need access to your bank account to verify.",1,tech_support_scam,1,synthetic_ic3_grounded,tech_support_scam::2
"Your antivirus subscription with Geek Squad has renewed for $2,500. If you did not authorize this charge, call our billing department now to process a refund and we will need access to your bank account to verify.",1,tech_support_scam,1,synthetic_ic3_grounded,tech_support_scam::2
"Hello, this is Amazon calling about the ongoing security alert on your PC. We need you to purchase a gift card so we can charge a one-time protection fee and remove the malware we found.",1,tech_support_scam,1,synthetic_ic3_grounded,tech_support_scam::3
"Hello, this is Microsoft calling about the ongoing security alert on your PC. We need you to purchase a gift card so we can charge a one-time protection fee and remove the malware we found.",1,tech_support_scam,1,synthetic_ic3_grounded,tech_support_scam::3
"Hello, this is Geek Squad calling about the ongoing security alert on your PC. We need you to purchase a gift card so we can charge a one-time protection fee and remove the malware we found.",1,tech_support_scam,1,synthetic_ic3_grounded,tech_support_scam::3
"Hello, this is HP Support calling about the ongoing security alert on your PC. We need you to purchase a gift card so we can charge a one-time protection fee and remove the malware we found.",1,tech_support_scam,1,synthetic_ic3_grounded,tech_support_scam::3
"Hello, this is Norton calling about the ongoing security alert on your PC. We need you to purchase a gift card so we can charge a one-time protection fee and remove the malware we found.",1,tech_support_scam,1,synthetic_ic3_grounded,tech_support_scam::3
"Hello, this is Dell Support calling about the ongoing security alert on your PC. We need you to purchase a gift card so we can charge a one-time protection fee and remove the malware we found.",1,tech_support_scam,1,synthetic_ic3_grounded,tech_support_scam::3
"Hello, this is Apple calling about the ongoing security alert on your PC. We need you to purchase a gift card so we can charge a one-time protection fee and remove the malware we found.",1,tech_support_scam,1,synthetic_ic3_grounded,tech_support_scam::3
"Hello, this is PayPal calling about the ongoing security alert on your PC. We need you to purchase a gift card so we can charge a one-time protection fee and remove the malware we found.",1,tech_support_scam,1,synthetic_ic3_grounded,tech_support_scam::3
ALERT: Amazon has flagged your computer for a critical security update. Your license has expired and your files will be locked in 24 hours unless you call the support line below.,1,tech_support_scam,1,synthetic_ic3_grounded,tech_support_scam::4
ALERT: Geek Squad has flagged your computer for a critical security update. Your license has expired and your files will be locked in 24 hours unless you call the support line below.,1,tech_support_scam,1,synthetic_ic3_grounded,tech_support_scam::4
ALERT: HP Support has flagged your computer for a critical security update. Your license has expired and your files will be locked in 24 hours unless you call the support line below.,1,tech_support_scam,1,synthetic_ic3_grounded,tech_support_scam::4
ALERT: Microsoft has flagged your computer for a critical security update. Your license has expired and your files will be locked in 24 hours unless you call the support line below.,1,tech_support_scam,1,synthetic_ic3_grounded,tech_support_scam::4
ALERT: Apple has flagged your computer for a critical security update. Your license has expired and your files will be locked in 24 hours unless you call the support line below.,1,tech_support_scam,1,synthetic_ic3_grounded,tech_support_scam::4
ALERT: Dell Support has flagged your computer for a critical security update. Your license has expired and your files will be locked in 24 hours unless you call the support line below.,1,tech_support_scam,1,synthetic_ic3_grounded,tech_support_scam::4
ALERT: Norton has flagged your computer for a critical security update. Your license has expired and your files will be locked in 24 hours unless you call the support line below.,1,tech_support_scam,1,synthetic_ic3_grounded,tech_support_scam::4
ALERT: PayPal has flagged your computer for a critical security update. Your license has expired and your files will be locked in 24 hours unless you call the support line below.,1,tech_support_scam,1,synthetic_ic3_grounded,tech_support_scam::4
"This is a courtesy call from PayPal. Our servers show your computer was used to send spam from your account. To avoid a permanent ban, please give us remote access to run a free diagnostic.",1,tech_support_scam,1,synthetic_ic3_grounded,tech_support_scam::5
"This is a courtesy call from Geek Squad. Our servers show your computer was used to send spam from your account. To avoid a permanent ban, please give us remote access to run a free diagnostic.",1,tech_support_scam,1,synthetic_ic3_grounded,tech_support_scam::5
"This is a courtesy call from Norton. Our servers show your computer was used to send spam from your account. To avoid a permanent ban, please give us remote access to run a free diagnostic.",1,tech_support_scam,1,synthetic_ic3_grounded,tech_support_scam::5
"This is a courtesy call from Apple. Our servers show your computer was used to send spam from your account. To avoid a permanent ban, please give us remote access to run a free diagnostic.",1,tech_support_scam,1,synthetic_ic3_grounded,tech_support_scam::5
"This is a courtesy call from Dell Support. Our servers show your computer was used to send spam from your account. To avoid a permanent ban, please give us remote access to run a free diagnostic.",1,tech_support_scam,1,synthetic_ic3_grounded,tech_support_scam::5
"This is a courtesy call from Microsoft. Our servers show your computer was used to send spam from your account. To avoid a permanent ban, please give us remote access to run a free diagnostic.",1,tech_support_scam,1,synthetic_ic3_grounded,tech_support_scam::5
"This is a courtesy call from Amazon. Our servers show your computer was used to send spam from your account. To avoid a permanent ban, please give us remote access to run a free diagnostic.",1,tech_support_scam,1,synthetic_ic3_grounded,tech_support_scam::5
"This is a courtesy call from HP Support. Our servers show your computer was used to send spam from your account. To avoid a permanent ban, please give us remote access to run a free diagnostic.",1,tech_support_scam,1,synthetic_ic3_grounded,tech_support_scam::5
"My darling, I think about you every day since we started talking. I finally got approved for the trip to see you, but customs is asking for a $500 fee to release my luggage. Can you help me, my love?",1,romance_scam,1,synthetic_ic3_grounded,romance_scam::0
"My darling, I think about you every day since we started talking. I finally got approved for the trip to see you, but customs is asking for a $300 fee to release my luggage. Can you help me, my love?",1,romance_scam,1,synthetic_ic3_grounded,romance_scam::0
"My darling, I think about you every day since we started talking. I finally got approved for the trip to see you, but customs is asking for a $800 fee to release my luggage. Can you help me, my love?",1,romance_scam,1,synthetic_ic3_grounded,romance_scam::0
"My darling, I think about you every day since we started talking. I finally got approved for the trip to see you, but customs is asking for a $1,200 fee to release my luggage. Can you help me, my love?",1,romance_scam,1,synthetic_ic3_grounded,romance_scam::0
"My darling, I think about you every day since we started talking. I finally got approved for the trip to see you, but customs is asking for a $2,000 fee to release my luggage. Can you help me, my love?",1,romance_scam,1,synthetic_ic3_grounded,romance_scam::0
"My darling, I think about you every day since we started talking. I finally got approved for the trip to see you, but customs is asking for a $3,000 fee to release my luggage. Can you help me, my love?",1,romance_scam,1,synthetic_ic3_grounded,romance_scam::0
"My darling, I think about you every day since we started talking. I finally got approved for the trip to see you, but customs is asking for a $2,500 fee to release my luggage. Can you help me, my love?",1,romance_scam,1,synthetic_ic3_grounded,romance_scam::0
"My darling, I think about you every day since we started talking. I finally got approved for the trip to see you, but customs is asking for a $650 fee to release my luggage. Can you help me, my love?",1,romance_scam,1,synthetic_ic3_grounded,romance_scam::0
I have never felt this close to anyone online before. There's an emergency with my daughter overseas and the hospital needs $800 before they will treat her. I promise I will pay you back the moment I land.,1,romance_scam,1,synthetic_ic3_grounded,romance_scam::1
"I have never felt this close to anyone online before. There's an emergency with my daughter overseas and the hospital needs $2,000 before they will treat her. I promise I will pay you back the moment I land.",1,romance_scam,1,synthetic_ic3_grounded,romance_scam::1
"I have never felt this close to anyone online before. There's an emergency with my daughter overseas and the hospital needs $3,000 before they will treat her. I promise I will pay you back the moment I land.",1,romance_scam,1,synthetic_ic3_grounded,romance_scam::1
"I have never felt this close to anyone online before. There's an emergency with my daughter overseas and the hospital needs $1,500 before they will treat her. I promise I will pay you back the moment I land.",1,romance_scam,1,synthetic_ic3_grounded,romance_scam::1
I have never felt this close to anyone online before. There's an emergency with my daughter overseas and the hospital needs $300 before they will treat her. I promise I will pay you back the moment I land.,1,romance_scam,1,synthetic_ic3_grounded,romance_scam::1
"I have never felt this close to anyone online before. There's an emergency with my daughter overseas and the hospital needs $1,200 before they will treat her. I promise I will pay you back the moment I land.",1,romance_scam,1,synthetic_ic3_grounded,romance_scam::1
"I have never felt this close to anyone online before. There's an emergency with my daughter overseas and the hospital needs $2,500 before they will treat her. I promise I will pay you back the moment I land.",1,romance_scam,1,synthetic_ic3_grounded,romance_scam::1
I have never felt this close to anyone online before. There's an emergency with my daughter overseas and the hospital needs $650 before they will treat her. I promise I will pay you back the moment I land.,1,romance_scam,1,synthetic_ic3_grounded,romance_scam::1
"Sweetheart, the oil rig contract finally came through and I'll be home soon, but I need $1,800 to cover the shipping fee for my equipment. Please send it through a Bitcoin ATM like we discussed.",1,romance_scam,1,synthetic_ic3_grounded,romance_scam::2
"Sweetheart, the oil rig contract finally came through and I'll be home soon, but I need $2,000 to cover the shipping fee for my equipment. Please send it through Ethereum like we discussed.",1,romance_scam,1,synthetic_ic3_grounded,romance_scam::2
"Sweetheart, the oil rig contract finally came through and I'll be home soon, but I need $2,500 to cover the shipping fee for my equipment. Please send it through a cryptocurrency wallet like we discussed.",1,romance_scam,1,synthetic_ic3_grounded,romance_scam::2
"Sweetheart, the oil rig contract finally came through and I'll be home soon, but I need $2,000 to cover the shipping fee for my equipment. Please send it through Bitcoin like we discussed.",1,romance_scam,1,synthetic_ic3_grounded,romance_scam::2
"Sweetheart, the oil rig contract finally came through and I'll be home soon, but I need $2,500 to cover the shipping fee for my equipment. Please send it through Bitcoin like we discussed.",1,romance_scam,1,synthetic_ic3_grounded,romance_scam::2
"Sweetheart, the oil rig contract finally came through and I'll be home soon, but I need $500 to cover the shipping fee for my equipment. Please send it through USDT like we discussed.",1,romance_scam,1,synthetic_ic3_grounded,romance_scam::2
"Sweetheart, the oil rig contract finally came through and I'll be home soon, but I need $3,000 to cover the shipping fee for my equipment. Please send it through Bitcoin like we discussed.",1,romance_scam,1,synthetic_ic3_grounded,romance_scam::2
"Sweetheart, the oil rig contract finally came through and I'll be home soon, but I need $1,800 to cover the shipping fee for my equipment. Please send it through USDT like we discussed.",1,romance_scam,1,synthetic_ic3_grounded,romance_scam::2
"I've never trusted anyone the way I trust you. My bank account here is frozen because I'm military overseas. Could you send $2,000 so I can book my flight home to finally meet you?",1,romance_scam,1,synthetic_ic3_grounded,romance_scam::3
I've never trusted anyone the way I trust you. My bank account here is frozen because I'm military overseas. Could you send $300 so I can book my flight home to finally meet you?,1,romance_scam,1,synthetic_ic3_grounded,romance_scam::3
"I've never trusted anyone the way I trust you. My bank account here is frozen because I'm military overseas. Could you send $2,500 so I can book my flight home to finally meet you?",1,romance_scam,1,synthetic_ic3_grounded,romance_scam::3
I've never trusted anyone the way I trust you. My bank account here is frozen because I'm military overseas. Could you send $650 so I can book my flight home to finally meet you?,1,romance_scam,1,synthetic_ic3_grounded,romance_scam::3
"I've never trusted anyone the way I trust you. My bank account here is frozen because I'm military overseas. Could you send $1,800 so I can book my flight home to finally meet you?",1,romance_scam,1,synthetic_ic3_grounded,romance_scam::3
I've never trusted anyone the way I trust you. My bank account here is frozen because I'm military overseas. Could you send $500 so I can book my flight home to finally meet you?,1,romance_scam,1,synthetic_ic3_grounded,romance_scam::3
"I've never trusted anyone the way I trust you. My bank account here is frozen because I'm military overseas. Could you send $1,500 so I can book my flight home to finally meet you?",1,romance_scam,1,synthetic_ic3_grounded,romance_scam::3
"I've never trusted anyone the way I trust you. My bank account here is frozen because I'm military overseas. Could you send $1,200 so I can book my flight home to finally meet you?",1,romance_scam,1,synthetic_ic3_grounded,romance_scam::3
"My love, I was so excited to finally video call you but my phone was stolen along with my wallet. Could you send $3,000 through a Bitcoin ATM so I can replace it and we can talk again?",1,romance_scam,1,synthetic_ic3_grounded,romance_scam::4
"My love, I was so excited to finally video call you but my phone was stolen along with my wallet. Could you send $3,000 through Bitcoin so I can replace it and we can talk again?",1,romance_scam,1,synthetic_ic3_grounded,romance_scam::4
"My love, I was so excited to finally video call you but my phone was stolen along with my wallet. Could you send $2,000 through USDT so I can replace it and we can talk again?",1,romance_scam,1,synthetic_ic3_grounded,romance_scam::4
"My love, I was so excited to finally video call you but my phone was stolen along with my wallet. Could you send $1,800 through USDT so I can replace it and we can talk again?",1,romance_scam,1,synthetic_ic3_grounded,romance_scam::4
"My love, I was so excited to finally video call you but my phone was stolen along with my wallet. Could you send $1,500 through Bitcoin so I can replace it and we can talk again?",1,romance_scam,1,synthetic_ic3_grounded,romance_scam::4
"My love, I was so excited to finally video call you but my phone was stolen along with my wallet. Could you send $650 through USDT so I can replace it and we can talk again?",1,romance_scam,1,synthetic_ic3_grounded,romance_scam::4
"My love, I was so excited to finally video call you but my phone was stolen along with my wallet. Could you send $3,000 through a cryptocurrency wallet so I can replace it and we can talk again?",1,romance_scam,1,synthetic_ic3_grounded,romance_scam::4
"My love, I was so excited to finally video call you but my phone was stolen along with my wallet. Could you send $3,000 through USDT so I can replace it and we can talk again?",1,romance_scam,1,synthetic_ic3_grounded,romance_scam::4
"Darling, I know we've only talked online, but I feel like I've known you my whole life. My shipping company needs $2,000 in customs fees to release the gift I sent you. Can you help me clear it?",1,romance_scam,1,synthetic_ic3_grounded,romance_scam::5
"Darling, I know we've only talked online, but I feel like I've known you my whole life. My shipping company needs $800 in customs fees to release the gift I sent you. Can you help me clear it?",1,romance_scam,1,synthetic_ic3_grounded,romance_scam::5
"Darling, I know we've only talked online, but I feel like I've known you my whole life. My shipping company needs $2,500 in customs fees to release the gift I sent you. Can you help me clear it?",1,romance_scam,1,synthetic_ic3_grounded,romance_scam::5
"Darling, I know we've only talked online, but I feel like I've known you my whole life. My shipping company needs $300 in customs fees to release the gift I sent you. Can you help me clear it?",1,romance_scam,1,synthetic_ic3_grounded,romance_scam::5
"Darling, I know we've only talked online, but I feel like I've known you my whole life. My shipping company needs $3,000 in customs fees to release the gift I sent you. Can you help me clear it?",1,romance_scam,1,synthetic_ic3_grounded,romance_scam::5
"Darling, I know we've only talked online, but I feel like I've known you my whole life. My shipping company needs $1,800 in customs fees to release the gift I sent you. Can you help me clear it?",1,romance_scam,1,synthetic_ic3_grounded,romance_scam::5
"Darling, I know we've only talked online, but I feel like I've known you my whole life. My shipping company needs $1,500 in customs fees to release the gift I sent you. Can you help me clear it?",1,romance_scam,1,synthetic_ic3_grounded,romance_scam::5
"Darling, I know we've only talked online, but I feel like I've known you my whole life. My shipping company needs $500 in customs fees to release the gift I sent you. Can you help me clear it?",1,romance_scam,1,synthetic_ic3_grounded,romance_scam::5
"My dearest, I was so looking forward to finally meeting you next week, but my company is holding my final paycheck until I pay a $800 exit fee. Could you help so I don't miss my flight to you?",1,romance_scam,1,synthetic_ic3_grounded,romance_scam::6
"My dearest, I was so looking forward to finally meeting you next week, but my company is holding my final paycheck until I pay a $1,800 exit fee. Could you help so I don't miss my flight to you?",1,romance_scam,1,synthetic_ic3_grounded,romance_scam::6
"My dearest, I was so looking forward to finally meeting you next week, but my company is holding my final paycheck until I pay a $1,200 exit fee. Could you help so I don't miss my flight to you?",1,romance_scam,1,synthetic_ic3_grounded,romance_scam::6
"My dearest, I was so looking forward to finally meeting you next week, but my company is holding my final paycheck until I pay a $3,000 exit fee. Could you help so I don't miss my flight to you?",1,romance_scam,1,synthetic_ic3_grounded,romance_scam::6
"My dearest, I was so looking forward to finally meeting you next week, but my company is holding my final paycheck until I pay a $2,500 exit fee. Could you help so I don't miss my flight to you?",1,romance_scam,1,synthetic_ic3_grounded,romance_scam::6
"My dearest, I was so looking forward to finally meeting you next week, but my company is holding my final paycheck until I pay a $1,500 exit fee. Could you help so I don't miss my flight to you?",1,romance_scam,1,synthetic_ic3_grounded,romance_scam::6
"My dearest, I was so looking forward to finally meeting you next week, but my company is holding my final paycheck until I pay a $650 exit fee. Could you help so I don't miss my flight to you?",1,romance_scam,1,synthetic_ic3_grounded,romance_scam::6
"My dearest, I was so looking forward to finally meeting you next week, but my company is holding my final paycheck until I pay a $300 exit fee. Could you help so I don't miss my flight to you?",1,romance_scam,1,synthetic_ic3_grounded,romance_scam::6
"I know you'll think I'm asking too much, but I have nowhere else to turn. My daughter is stranded at the airport and needs $1,200 for a new ticket. I'll pay you back the moment my contract payment clears.",1,romance_scam,1,synthetic_ic3_grounded,romance_scam::7
"I know you'll think I'm asking too much, but I have nowhere else to turn. My daughter is stranded at the airport and needs $2,500 for a new ticket. I'll pay you back the moment my contract payment clears.",1,romance_scam,1,synthetic_ic3_grounded,romance_scam::7
"I know you'll think I'm asking too much, but I have nowhere else to turn. My daughter is stranded at the airport and needs $2,000 for a new ticket. I'll pay you back the moment my contract payment clears.",1,romance_scam,1,synthetic_ic3_grounded,romance_scam::7
"I know you'll think I'm asking too much, but I have nowhere else to turn. My daughter is stranded at the airport and needs $800 for a new ticket. I'll pay you back the moment my contract payment clears.",1,romance_scam,1,synthetic_ic3_grounded,romance_scam::7
"I know you'll think I'm asking too much, but I have nowhere else to turn. My daughter is stranded at the airport and needs $1,800 for a new ticket. I'll pay you back the moment my contract payment clears.",1,romance_scam,1,synthetic_ic3_grounded,romance_scam::7
"I know you'll think I'm asking too much, but I have nowhere else to turn. My daughter is stranded at the airport and needs $1,500 for a new ticket. I'll pay you back the moment my contract payment clears.",1,romance_scam,1,synthetic_ic3_grounded,romance_scam::7
"I know you'll think I'm asking too much, but I have nowhere else to turn. My daughter is stranded at the airport and needs $300 for a new ticket. I'll pay you back the moment my contract payment clears.",1,romance_scam,1,synthetic_ic3_grounded,romance_scam::7
"I know you'll think I'm asking too much, but I have nowhere else to turn. My daughter is stranded at the airport and needs $650 for a new ticket. I'll pay you back the moment my contract payment clears.",1,romance_scam,1,synthetic_ic3_grounded,romance_scam::7
"You are the first person in years who has made me feel this way. I'm so close to being able to visit, but I need $1,200 to clear an import tax on equipment for my work. Please, my love, I wouldn't ask if it wasn't urgent.",1,romance_scam,1,synthetic_ic3_grounded,romance_scam::8
"You are the first person in years who has made me feel this way. I'm so close to being able to visit, but I need $3,000 to clear an import tax on equipment for my work. Please, my love, I wouldn't ask if it wasn't urgent.",1,romance_scam,1,synthetic_ic3_grounded,romance_scam::8
"You are the first person in years who has made me feel this way. I'm so close to being able to visit, but I need $1,500 to clear an import tax on equipment for my work. Please, my love, I wouldn't ask if it wasn't urgent.",1,romance_scam,1,synthetic_ic3_grounded,romance_scam::8
"You are the first person in years who has made me feel this way. I'm so close to being able to visit, but I need $500 to clear an import tax on equipment for my work. Please, my love, I wouldn't ask if it wasn't urgent.",1,romance_scam,1,synthetic_ic3_grounded,romance_scam::8
"You are the first person in years who has made me feel this way. I'm so close to being able to visit, but I need $650 to clear an import tax on equipment for my work. Please, my love, I wouldn't ask if it wasn't urgent.",1,romance_scam,1,synthetic_ic3_grounded,romance_scam::8
"You are the first person in years who has made me feel this way. I'm so close to being able to visit, but I need $1,800 to clear an import tax on equipment for my work. Please, my love, I wouldn't ask if it wasn't urgent.",1,romance_scam,1,synthetic_ic3_grounded,romance_scam::8
"You are the first person in years who has made me feel this way. I'm so close to being able to visit, but I need $300 to clear an import tax on equipment for my work. Please, my love, I wouldn't ask if it wasn't urgent.",1,romance_scam,1,synthetic_ic3_grounded,romance_scam::8
"You are the first person in years who has made me feel this way. I'm so close to being able to visit, but I need $2,500 to clear an import tax on equipment for my work. Please, my love, I wouldn't ask if it wasn't urgent.",1,romance_scam,1,synthetic_ic3_grounded,romance_scam::8
"My love, something terrible happened -- I was in a small accident overseas and the clinic won't release me until the $1,800 bill is settled. Could you wire it through USDT today?",1,romance_scam,1,synthetic_ic3_grounded,romance_scam::9
"My love, something terrible happened -- I was in a small accident overseas and the clinic won't release me until the $500 bill is settled. Could you wire it through a cryptocurrency wallet today?",1,romance_scam,1,synthetic_ic3_grounded,romance_scam::9
"My love, something terrible happened -- I was in a small accident overseas and the clinic won't release me until the $800 bill is settled. Could you wire it through Ethereum today?",1,romance_scam,1,synthetic_ic3_grounded,romance_scam::9
"My love, something terrible happened -- I was in a small accident overseas and the clinic won't release me until the $650 bill is settled. Could you wire it through a cryptocurrency wallet today?",1,romance_scam,1,synthetic_ic3_grounded,romance_scam::9
"My love, something terrible happened -- I was in a small accident overseas and the clinic won't release me until the $2,500 bill is settled. Could you wire it through Bitcoin today?",1,romance_scam,1,synthetic_ic3_grounded,romance_scam::9
"My love, something terrible happened -- I was in a small accident overseas and the clinic won't release me until the $3,000 bill is settled. Could you wire it through Bitcoin today?",1,romance_scam,1,synthetic_ic3_grounded,romance_scam::9
"My love, something terrible happened -- I was in a small accident overseas and the clinic won't release me until the $1,800 bill is settled. Could you wire it through a cryptocurrency wallet today?",1,romance_scam,1,synthetic_ic3_grounded,romance_scam::9
"My love, something terrible happened -- I was in a small accident overseas and the clinic won't release me until the $1,800 bill is settled. Could you wire it through Ethereum today?",1,romance_scam,1,synthetic_ic3_grounded,romance_scam::9
"Congratulations, you've been selected for our exclusive investment program guaranteeing 40% monthly returns with zero risk. Fund your account with a Bitcoin ATM today to lock in this rate before it closes.",1,investment_fraud,1,synthetic_ic3_grounded,investment_fraud::0
"Congratulations, you've been selected for our exclusive investment program guaranteeing 40% monthly returns with zero risk. Fund your account with USDT today to lock in this rate before it closes.",1,investment_fraud,1,synthetic_ic3_grounded,investment_fraud::0
"Congratulations, you've been selected for our exclusive investment program guaranteeing 40% monthly returns with zero risk. Fund your account with Ethereum today to lock in this rate before it closes.",1,investment_fraud,1,synthetic_ic3_grounded,investment_fraud::0
"Congratulations, you've been selected for our exclusive investment program guaranteeing 40% monthly returns with zero risk. Fund your account with Bitcoin today to lock in this rate before it closes.",1,investment_fraud,1,synthetic_ic3_grounded,investment_fraud::0
"Congratulations, you've been selected for our exclusive investment program guaranteeing 40% monthly returns with zero risk. Fund your account with a cryptocurrency wallet today to lock in this rate before it closes.",1,investment_fraud,1,synthetic_ic3_grounded,investment_fraud::0
"Hi, this is Alex from the trading group you joined. Everyone in the group turned $2,000 into $12,500 last week. Deposit now through our platform and I'll personally manage your portfolio.",1,investment_fraud,1,synthetic_ic3_grounded,investment_fraud::1
"Hi, this is Alex from the trading group you joined. Everyone in the group turned $300 into $12,500 last week. Deposit now through our platform and I'll personally manage your portfolio.",1,investment_fraud,1,synthetic_ic3_grounded,investment_fraud::1
"Hi, this is Alex from the trading group you joined. Everyone in the group turned $2,500 into $10,000 last week. Deposit now through our platform and I'll personally manage your portfolio.",1,investment_fraud,1,synthetic_ic3_grounded,investment_fraud::1
"Hi, this is Alex from the trading group you joined. Everyone in the group turned $500 into $20,000 last week. Deposit now through our platform and I'll personally manage your portfolio.",1,investment_fraud,1,synthetic_ic3_grounded,investment_fraud::1
"Hi, this is Alex from the trading group you joined. Everyone in the group turned $650 into $20,000 last week. Deposit now through our platform and I'll personally manage your portfolio.",1,investment_fraud,1,synthetic_ic3_grounded,investment_fraud::1
"Hi, this is Alex from the trading group you joined. Everyone in the group turned $2,500 into $12,500 last week. Deposit now through our platform and I'll personally manage your portfolio.",1,investment_fraud,1,synthetic_ic3_grounded,investment_fraud::1
"Hi, this is Alex from the trading group you joined. Everyone in the group turned $800 into $12,500 last week. Deposit now through our platform and I'll personally manage your portfolio.",1,investment_fraud,1,synthetic_ic3_grounded,investment_fraud::1
"Hi, this is Alex from the trading group you joined. Everyone in the group turned $800 into $10,000 last week. Deposit now through our platform and I'll personally manage your portfolio.",1,investment_fraud,1,synthetic_ic3_grounded,investment_fraud::1
"Your retirement savings deserve better returns. Our AI trading bot has a 98% win rate. Transfer $1,800 today and watch your account grow daily. Limited spots available for new investors.",1,investment_fraud,1,synthetic_ic3_grounded,investment_fraud::2
"Your retirement savings deserve better returns. Our AI trading bot has a 98% win rate. Transfer $1,200 today and watch your account grow daily. Limited spots available for new investors.",1,investment_fraud,1,synthetic_ic3_grounded,investment_fraud::2
"Your retirement savings deserve better returns. Our AI trading bot has a 98% win rate. Transfer $1,500 today and watch your account grow daily. Limited spots available for new investors.",1,investment_fraud,1,synthetic_ic3_grounded,investment_fraud::2
"Your retirement savings deserve better returns. Our AI trading bot has a 98% win rate. Transfer $2,000 today and watch your account grow daily. Limited spots available for new investors.",1,investment_fraud,1,synthetic_ic3_grounded,investment_fraud::2
"Your retirement savings deserve better returns. Our AI trading bot has a 98% win rate. Transfer $2,500 today and watch your account grow daily. Limited spots available for new investors.",1,investment_fraud,1,synthetic_ic3_grounded,investment_fraud::2
Your retirement savings deserve better returns. Our AI trading bot has a 98% win rate. Transfer $800 today and watch your account grow daily. Limited spots available for new investors.,1,investment_fraud,1,synthetic_ic3_grounded,investment_fraud::2
Your retirement savings deserve better returns. Our AI trading bot has a 98% win rate. Transfer $300 today and watch your account grow daily. Limited spots available for new investors.,1,investment_fraud,1,synthetic_ic3_grounded,investment_fraud::2
Your retirement savings deserve better returns. Our AI trading bot has a 98% win rate. Transfer $650 today and watch your account grow daily. Limited spots available for new investors.,1,investment_fraud,1,synthetic_ic3_grounded,investment_fraud::2
"As a valued member, you qualify for early access to a pre-IPO crypto opportunity. Minimum investment is $2,000, paid in Bitcoin. Early investors are already seeing 3x returns.",1,investment_fraud,1,synthetic_ic3_grounded,investment_fraud::3
"As a valued member, you qualify for early access to a pre-IPO crypto opportunity. Minimum investment is $500, paid in Ethereum. Early investors are already seeing 3x returns.",1,investment_fraud,1,synthetic_ic3_grounded,investment_fraud::3
"As a valued member, you qualify for early access to a pre-IPO crypto opportunity. Minimum investment is $2,500, paid in Bitcoin. Early investors are already seeing 3x returns.",1,investment_fraud,1,synthetic_ic3_grounded,investment_fraud::3
"As a valued member, you qualify for early access to a pre-IPO crypto opportunity. Minimum investment is $1,500, paid in a Bitcoin ATM. Early investors are already seeing 3x returns.",1,investment_fraud,1,synthetic_ic3_grounded,investment_fraud::3
"As a valued member, you qualify for early access to a pre-IPO crypto opportunity. Minimum investment is $2,000, paid in a Bitcoin ATM. Early investors are already seeing 3x returns.",1,investment_fraud,1,synthetic_ic3_grounded,investment_fraud::3
"As a valued member, you qualify for early access to a pre-IPO crypto opportunity. Minimum investment is $800, paid in USDT. Early investors are already seeing 3x returns.",1,investment_fraud,1,synthetic_ic3_grounded,investment_fraud::3
"As a valued member, you qualify for early access to a pre-IPO crypto opportunity. Minimum investment is $1,500, paid in USDT. Early investors are already seeing 3x returns.",1,investment_fraud,1,synthetic_ic3_grounded,investment_fraud::3
"As a valued member, you qualify for early access to a pre-IPO crypto opportunity. Minimum investment is $2,500, paid in a Bitcoin ATM. Early investors are already seeing 3x returns.",1,investment_fraud,1,synthetic_ic3_grounded,investment_fraud::3
"Your account has been pre-approved for our senior wealth-growth program. A one-time deposit of $2,500 in Ethereum unlocks guaranteed weekly payouts starting immediately.",1,investment_fraud,1,synthetic_ic3_grounded,investment_fraud::4
Your account has been pre-approved for our senior wealth-growth program. A one-time deposit of $800 in a cryptocurrency wallet unlocks guaranteed weekly payouts starting immediately.,1,investment_fraud,1,synthetic_ic3_grounded,investment_fraud::4
"Your account has been pre-approved for our senior wealth-growth program. A one-time deposit of $1,200 in Ethereum unlocks guaranteed weekly payouts starting immediately.",1,investment_fraud,1,synthetic_ic3_grounded,investment_fraud::4
Your account has been pre-approved for our senior wealth-growth program. A one-time deposit of $300 in a Bitcoin ATM unlocks guaranteed weekly payouts starting immediately.,1,investment_fraud,1,synthetic_ic3_grounded,investment_fraud::4
"Your account has been pre-approved for our senior wealth-growth program. A one-time deposit of $2,500 in USDT unlocks guaranteed weekly payouts starting immediately.",1,investment_fraud,1,synthetic_ic3_grounded,investment_fraud::4
Your account has been pre-approved for our senior wealth-growth program. A one-time deposit of $500 in Bitcoin unlocks guaranteed weekly payouts starting immediately.,1,investment_fraud,1,synthetic_ic3_grounded,investment_fraud::4
"Your account has been pre-approved for our senior wealth-growth program. A one-time deposit of $1,200 in USDT unlocks guaranteed weekly payouts starting immediately.",1,investment_fraud,1,synthetic_ic3_grounded,investment_fraud::4
"Your account has been pre-approved for our senior wealth-growth program. A one-time deposit of $1,200 in a Bitcoin ATM unlocks guaranteed weekly payouts starting immediately.",1,investment_fraud,1,synthetic_ic3_grounded,investment_fraud::4
"This is your financial coach checking in -- the group's latest trade turned $500 into $10,000 overnight. Don't miss the next opportunity, deposit today to join.",1,investment_fraud,1,synthetic_ic3_grounded,investment_fraud::5
"This is your financial coach checking in -- the group's latest trade turned $1,200 into $12,500 overnight. Don't miss the next opportunity, deposit today to join.",1,investment_fraud,1,synthetic_ic3_grounded,investment_fraud::5
"This is your financial coach checking in -- the group's latest trade turned $1,200 into $15,000 overnight. Don't miss the next opportunity, deposit today to join.",1,investment_fraud,1,synthetic_ic3_grounded,investment_fraud::5
"This is your financial coach checking in -- the group's latest trade turned $300 into $15,000 overnight. Don't miss the next opportunity, deposit today to join.",1,investment_fraud,1,synthetic_ic3_grounded,investment_fraud::5
"This is your financial coach checking in -- the group's latest trade turned $650 into $12,500 overnight. Don't miss the next opportunity, deposit today to join.",1,investment_fraud,1,synthetic_ic3_grounded,investment_fraud::5
"This is your financial coach checking in -- the group's latest trade turned $2,000 into $15,000 overnight. Don't miss the next opportunity, deposit today to join.",1,investment_fraud,1,synthetic_ic3_grounded,investment_fraud::5
"This is your financial coach checking in -- the group's latest trade turned $2,000 into $10,000 overnight. Don't miss the next opportunity, deposit today to join.",1,investment_fraud,1,synthetic_ic3_grounded,investment_fraud::5
"This is your financial coach checking in -- the group's latest trade turned $1,200 into $10,000 overnight. Don't miss the next opportunity, deposit today to join.",1,investment_fraud,1,synthetic_ic3_grounded,investment_fraud::5
"Hi, are you available? I'm stuck in a meeting and need a favor. Can you pick up Steam gift cards for a client gift and send me the codes? I'll pay you back at the office.",1,business_email_compromise,1,synthetic_ic3_grounded,business_email_compromise::0
"Hi, are you available? I'm stuck in a meeting and need a favor. Can you pick up Google Play gift cards for a client gift and send me the codes? I'll pay you back at the office.",1,business_email_compromise,1,synthetic_ic3_grounded,business_email_compromise::0
"Hi, are you available? I'm stuck in a meeting and need a favor. Can you pick up iTunes gift cards for a client gift and send me the codes? I'll pay you back at the office.",1,business_email_compromise,1,synthetic_ic3_grounded,business_email_compromise::0
"Hi, are you available? I'm stuck in a meeting and need a favor. Can you pick up Amazon gift cards for a client gift and send me the codes? I'll pay you back at the office.",1,business_email_compromise,1,synthetic_ic3_grounded,business_email_compromise::0
"Hi, are you available? I'm stuck in a meeting and need a favor. Can you pick up Target gift cards for a client gift and send me the codes? I'll pay you back at the office.",1,business_email_compromise,1,synthetic_ic3_grounded,business_email_compromise::0
"Quick question -- I need you to purchase Amazon gift cards for our team appreciation event. Send me the redemption codes as soon as you get them, I'm heading into a call.",1,business_email_compromise,1,synthetic_ic3_grounded,business_email_compromise::1
"Quick question -- I need you to purchase Target gift cards for our team appreciation event. Send me the redemption codes as soon as you get them, I'm heading into a call.",1,business_email_compromise,1,synthetic_ic3_grounded,business_email_compromise::1
"Quick question -- I need you to purchase Google Play gift cards for our team appreciation event. Send me the redemption codes as soon as you get them, I'm heading into a call.",1,business_email_compromise,1,synthetic_ic3_grounded,business_email_compromise::1
"Quick question -- I need you to purchase iTunes gift cards for our team appreciation event. Send me the redemption codes as soon as you get them, I'm heading into a call.",1,business_email_compromise,1,synthetic_ic3_grounded,business_email_compromise::1
"Quick question -- I need you to purchase Steam gift cards for our team appreciation event. Send me the redemption codes as soon as you get them, I'm heading into a call.",1,business_email_compromise,1,synthetic_ic3_grounded,business_email_compromise::1
"I'm traveling and can't talk right now, but I need you to handle something urgent. Please buy iTunes gift cards and text me the numbers on the back. Keep this between us for now.",1,business_email_compromise,1,synthetic_ic3_grounded,business_email_compromise::2
"I'm traveling and can't talk right now, but I need you to handle something urgent. Please buy Amazon gift cards and text me the numbers on the back. Keep this between us for now.",1,business_email_compromise,1,synthetic_ic3_grounded,business_email_compromise::2
"I'm traveling and can't talk right now, but I need you to handle something urgent. Please buy Steam gift cards and text me the numbers on the back. Keep this between us for now.",1,business_email_compromise,1,synthetic_ic3_grounded,business_email_compromise::2
"I'm traveling and can't talk right now, but I need you to handle something urgent. Please buy Google Play gift cards and text me the numbers on the back. Keep this between us for now.",1,business_email_compromise,1,synthetic_ic3_grounded,business_email_compromise::2
"I'm traveling and can't talk right now, but I need you to handle something urgent. Please buy Target gift cards and text me the numbers on the back. Keep this between us for now.",1,business_email_compromise,1,synthetic_ic3_grounded,business_email_compromise::2
Are you free? I need help with a time-sensitive task before end of day. Grab Target gift cards from any store nearby and send me a photo of the receipt and codes.,1,business_email_compromise,1,synthetic_ic3_grounded,business_email_compromise::3
Are you free? I need help with a time-sensitive task before end of day. Grab Amazon gift cards from any store nearby and send me a photo of the receipt and codes.,1,business_email_compromise,1,synthetic_ic3_grounded,business_email_compromise::3
Are you free? I need help with a time-sensitive task before end of day. Grab iTunes gift cards from any store nearby and send me a photo of the receipt and codes.,1,business_email_compromise,1,synthetic_ic3_grounded,business_email_compromise::3
Are you free? I need help with a time-sensitive task before end of day. Grab Google Play gift cards from any store nearby and send me a photo of the receipt and codes.,1,business_email_compromise,1,synthetic_ic3_grounded,business_email_compromise::3
Are you free? I need help with a time-sensitive task before end of day. Grab Steam gift cards from any store nearby and send me a photo of the receipt and codes.,1,business_email_compromise,1,synthetic_ic3_grounded,business_email_compromise::3
"Hey, sorry to bother you outside work hours, but I need a quick favor. Can you get Amazon gift cards for a surprise for the team? I'll reimburse you tomorrow, just need the codes tonight.",1,business_email_compromise,1,synthetic_ic3_grounded,business_email_compromise::4
"Hey, sorry to bother you outside work hours, but I need a quick favor. Can you get Target gift cards for a surprise for the team? I'll reimburse you tomorrow, just need the codes tonight.",1,business_email_compromise,1,synthetic_ic3_grounded,business_email_compromise::4
"Hey, sorry to bother you outside work hours, but I need a quick favor. Can you get Google Play gift cards for a surprise for the team? I'll reimburse you tomorrow, just need the codes tonight.",1,business_email_compromise,1,synthetic_ic3_grounded,business_email_compromise::4
"Hey, sorry to bother you outside work hours, but I need a quick favor. Can you get iTunes gift cards for a surprise for the team? I'll reimburse you tomorrow, just need the codes tonight.",1,business_email_compromise,1,synthetic_ic3_grounded,business_email_compromise::4
"Hey, sorry to bother you outside work hours, but I need a quick favor. Can you get Steam gift cards for a surprise for the team? I'll reimburse you tomorrow, just need the codes tonight.",1,business_email_compromise,1,synthetic_ic3_grounded,business_email_compromise::4
This is urgent and confidential -- I need iTunes gift cards purchased right away for a vendor payment. Don't mention this to anyone else in the office until I confirm it went through.,1,business_email_compromise,1,synthetic_ic3_grounded,business_email_compromise::5
This is urgent and confidential -- I need Target gift cards purchased right away for a vendor payment. Don't mention this to anyone else in the office until I confirm it went through.,1,business_email_compromise,1,synthetic_ic3_grounded,business_email_compromise::5
This is urgent and confidential -- I need Steam gift cards purchased right away for a vendor payment. Don't mention this to anyone else in the office until I confirm it went through.,1,business_email_compromise,1,synthetic_ic3_grounded,business_email_compromise::5
This is urgent and confidential -- I need Amazon gift cards purchased right away for a vendor payment. Don't mention this to anyone else in the office until I confirm it went through.,1,business_email_compromise,1,synthetic_ic3_grounded,business_email_compromise::5
This is urgent and confidential -- I need Google Play gift cards purchased right away for a vendor payment. Don't mention this to anyone else in the office until I confirm it went through.,1,business_email_compromise,1,synthetic_ic3_grounded,business_email_compromise::5
"CONGRATULATIONS! You have won $25,000 in the National Senior Sweepstakes. To claim your prize, please pay a small $300 processing fee via wire transfer within 48 hours.",1,lottery_sweepstakes,1,synthetic_ic3_grounded,lottery_sweepstakes::0
"CONGRATULATIONS! You have won $2,500,000 in the National Senior Sweepstakes. To claim your prize, please pay a small $1,200 processing fee via wire transfer within 48 hours.",1,lottery_sweepstakes,1,synthetic_ic3_grounded,lottery_sweepstakes::0
"CONGRATULATIONS! You have won $50,000 in the National Senior Sweepstakes. To claim your prize, please pay a small $300 processing fee via wire transfer within 48 hours.",1,lottery_sweepstakes,1,synthetic_ic3_grounded,lottery_sweepstakes::0
"CONGRATULATIONS! You have won $2,500,000 in the National Senior Sweepstakes. To claim your prize, please pay a small $500 processing fee via wire transfer within 48 hours.",1,lottery_sweepstakes,1,synthetic_ic3_grounded,lottery_sweepstakes::0
"CONGRATULATIONS! You have won $50,000 in the National Senior Sweepstakes. To claim your prize, please pay a small $2,500 processing fee via wire transfer within 48 hours.",1,lottery_sweepstakes,1,synthetic_ic3_grounded,lottery_sweepstakes::0
"CONGRATULATIONS! You have won $100,000 in the National Senior Sweepstakes. To claim your prize, please pay a small $300 processing fee via wire transfer within 48 hours.",1,lottery_sweepstakes,1,synthetic_ic3_grounded,lottery_sweepstakes::0
"CONGRATULATIONS! You have won $1,000,000 in the National Senior Sweepstakes. To claim your prize, please pay a small $3,000 processing fee via wire transfer within 48 hours.",1,lottery_sweepstakes,1,synthetic_ic3_grounded,lottery_sweepstakes::0
"CONGRATULATIONS! You have won $100,000 in the National Senior Sweepstakes. To claim your prize, please pay a small $1,800 processing fee via wire transfer within 48 hours.",1,lottery_sweepstakes,1,synthetic_ic3_grounded,lottery_sweepstakes::0
"This is an official notice: your name was drawn as the winner of our $2,500,000 giveaway. Call now to claim your prize -- a $300 delivery and insurance fee applies before we can release your winnings.",1,lottery_sweepstakes,1,synthetic_ic3_grounded,lottery_sweepstakes::1
"This is an official notice: your name was drawn as the winner of our $25,000 giveaway. Call now to claim your prize -- a $300 delivery and insurance fee applies before we can release your winnings.",1,lottery_sweepstakes,1,synthetic_ic3_grounded,lottery_sweepstakes::1
"This is an official notice: your name was drawn as the winner of our $50,000 giveaway. Call now to claim your prize -- a $800 delivery and insurance fee applies before we can release your winnings.",1,lottery_sweepstakes,1,synthetic_ic3_grounded,lottery_sweepstakes::1
"This is an official notice: your name was drawn as the winner of our $25,000 giveaway. Call now to claim your prize -- a $500 delivery and insurance fee applies before we can release your winnings.",1,lottery_sweepstakes,1,synthetic_ic3_grounded,lottery_sweepstakes::1
"This is an official notice: your name was drawn as the winner of our $100,000 giveaway. Call now to claim your prize -- a $1,200 delivery and insurance fee applies before we can release your winnings.",1,lottery_sweepstakes,1,synthetic_ic3_grounded,lottery_sweepstakes::1
"This is an official notice: your name was drawn as the winner of our $100,000 giveaway. Call now to claim your prize -- a $650 delivery and insurance fee applies before we can release your winnings.",1,lottery_sweepstakes,1,synthetic_ic3_grounded,lottery_sweepstakes::1
"This is an official notice: your name was drawn as the winner of our $2,500,000 giveaway. Call now to claim your prize -- a $800 delivery and insurance fee applies before we can release your winnings.",1,lottery_sweepstakes,1,synthetic_ic3_grounded,lottery_sweepstakes::1
"This is an official notice: your name was drawn as the winner of our $2,500,000 giveaway. Call now to claim your prize -- a $2,500 delivery and insurance fee applies before we can release your winnings.",1,lottery_sweepstakes,1,synthetic_ic3_grounded,lottery_sweepstakes::1
"You've been selected to receive $100,000 from Publishers Sweepstakes! Just send $3,000 in gift cards to cover the taxes and your check will be mailed immediately.",1,lottery_sweepstakes,1,synthetic_ic3_grounded,lottery_sweepstakes::2
"You've been selected to receive $1,000,000 from Publishers Sweepstakes! Just send $1,800 in gift cards to cover the taxes and your check will be mailed immediately.",1,lottery_sweepstakes,1,synthetic_ic3_grounded,lottery_sweepstakes::2
"You've been selected to receive $25,000 from Publishers Sweepstakes! Just send $650 in gift cards to cover the taxes and your check will be mailed immediately.",1,lottery_sweepstakes,1,synthetic_ic3_grounded,lottery_sweepstakes::2
"You've been selected to receive $25,000 from Publishers Sweepstakes! Just send $800 in gift cards to cover the taxes and your check will be mailed immediately.",1,lottery_sweepstakes,1,synthetic_ic3_grounded,lottery_sweepstakes::2
"You've been selected to receive $2,500,000 from Publishers Sweepstakes! Just send $3,000 in gift cards to cover the taxes and your check will be mailed immediately.",1,lottery_sweepstakes,1,synthetic_ic3_grounded,lottery_sweepstakes::2
"You've been selected to receive $100,000 from Publishers Sweepstakes! Just send $1,200 in gift cards to cover the taxes and your check will be mailed immediately.",1,lottery_sweepstakes,1,synthetic_ic3_grounded,lottery_sweepstakes::2
"You've been selected to receive $100,000 from Publishers Sweepstakes! Just send $2,500 in gift cards to cover the taxes and your check will be mailed immediately.",1,lottery_sweepstakes,1,synthetic_ic3_grounded,lottery_sweepstakes::2
"You've been selected to receive $50,000 from Publishers Sweepstakes! Just send $500 in gift cards to cover the taxes and your check will be mailed immediately.",1,lottery_sweepstakes,1,synthetic_ic3_grounded,lottery_sweepstakes::2
"Attention winner! Your ticket number matches our $50,000 jackpot drawing. To process your claim, a $500 government release fee must be paid before funds can be transferred.",1,lottery_sweepstakes,1,synthetic_ic3_grounded,lottery_sweepstakes::3
"Attention winner! Your ticket number matches our $2,500,000 jackpot drawing. To process your claim, a $1,500 government release fee must be paid before funds can be transferred.",1,lottery_sweepstakes,1,synthetic_ic3_grounded,lottery_sweepstakes::3
"Attention winner! Your ticket number matches our $25,000 jackpot drawing. To process your claim, a $1,200 government release fee must be paid before funds can be transferred.",1,lottery_sweepstakes,1,synthetic_ic3_grounded,lottery_sweepstakes::3
"Attention winner! Your ticket number matches our $50,000 jackpot drawing. To process your claim, a $1,800 government release fee must be paid before funds can be transferred.",1,lottery_sweepstakes,1,synthetic_ic3_grounded,lottery_sweepstakes::3
"Attention winner! Your ticket number matches our $2,500,000 jackpot drawing. To process your claim, a $2,500 government release fee must be paid before funds can be transferred.",1,lottery_sweepstakes,1,synthetic_ic3_grounded,lottery_sweepstakes::3
"Attention winner! Your ticket number matches our $1,000,000 jackpot drawing. To process your claim, a $500 government release fee must be paid before funds can be transferred.",1,lottery_sweepstakes,1,synthetic_ic3_grounded,lottery_sweepstakes::3
"Attention winner! Your ticket number matches our $25,000 jackpot drawing. To process your claim, a $800 government release fee must be paid before funds can be transferred.",1,lottery_sweepstakes,1,synthetic_ic3_grounded,lottery_sweepstakes::3
"Attention winner! Your ticket number matches our $1,000,000 jackpot drawing. To process your claim, a $650 government release fee must be paid before funds can be transferred.",1,lottery_sweepstakes,1,synthetic_ic3_grounded,lottery_sweepstakes::3
"You are the lucky recipient of a $1,000,000 prize from our annual senior rewards drawing. Send $2,000 for processing and shipping to receive your winnings by courier this week.",1,lottery_sweepstakes,1,synthetic_ic3_grounded,lottery_sweepstakes::4
"You are the lucky recipient of a $25,000 prize from our annual senior rewards drawing. Send $1,200 for processing and shipping to receive your winnings by courier this week.",1,lottery_sweepstakes,1,synthetic_ic3_grounded,lottery_sweepstakes::4
"You are the lucky recipient of a $1,000,000 prize from our annual senior rewards drawing. Send $650 for processing and shipping to receive your winnings by courier this week.",1,lottery_sweepstakes,1,synthetic_ic3_grounded,lottery_sweepstakes::4
"You are the lucky recipient of a $25,000 prize from our annual senior rewards drawing. Send $1,500 for processing and shipping to receive your winnings by courier this week.",1,lottery_sweepstakes,1,synthetic_ic3_grounded,lottery_sweepstakes::4
"You are the lucky recipient of a $100,000 prize from our annual senior rewards drawing. Send $2,000 for processing and shipping to receive your winnings by courier this week.",1,lottery_sweepstakes,1,synthetic_ic3_grounded,lottery_sweepstakes::4
"You are the lucky recipient of a $2,500,000 prize from our annual senior rewards drawing. Send $500 for processing and shipping to receive your winnings by courier this week.",1,lottery_sweepstakes,1,synthetic_ic3_grounded,lottery_sweepstakes::4
"You are the lucky recipient of a $1,000,000 prize from our annual senior rewards drawing. Send $300 for processing and shipping to receive your winnings by courier this week.",1,lottery_sweepstakes,1,synthetic_ic3_grounded,lottery_sweepstakes::4
"You are the lucky recipient of a $1,000,000 prize from our annual senior rewards drawing. Send $500 for processing and shipping to receive your winnings by courier this week.",1,lottery_sweepstakes,1,synthetic_ic3_grounded,lottery_sweepstakes::4
Your Bank of America account has been temporarily locked due to unusual sign-in activity. Verify your identity now by clicking the link below or your account will be closed within 24 hours.,1,phishing_spoofing,1,synthetic_ic3_grounded,phishing_spoofing::0
Your Chase account has been temporarily locked due to unusual sign-in activity. Verify your identity now by clicking the link below or your account will be closed within 24 hours.,1,phishing_spoofing,1,synthetic_ic3_grounded,phishing_spoofing::0
Your Wells Fargo account has been temporarily locked due to unusual sign-in activity. Verify your identity now by clicking the link below or your account will be closed within 24 hours.,1,phishing_spoofing,1,synthetic_ic3_grounded,phishing_spoofing::0
Your your credit union account has been temporarily locked due to unusual sign-in activity. Verify your identity now by clicking the link below or your account will be closed within 24 hours.,1,phishing_spoofing,1,synthetic_ic3_grounded,phishing_spoofing::0
Your Capital One account has been temporarily locked due to unusual sign-in activity. Verify your identity now by clicking the link below or your account will be closed within 24 hours.,1,phishing_spoofing,1,synthetic_ic3_grounded,phishing_spoofing::0
Your US Bank account has been temporarily locked due to unusual sign-in activity. Verify your identity now by clicking the link below or your account will be closed within 24 hours.,1,phishing_spoofing,1,synthetic_ic3_grounded,phishing_spoofing::0
We were unable to process your recent Wells Fargo payment. Please update your billing information immediately to avoid a suspension of your account.,1,phishing_spoofing,1,synthetic_ic3_grounded,phishing_spoofing::1
We were unable to process your recent your credit union payment. Please update your billing information immediately to avoid a suspension of your account.,1,phishing_spoofing,1,synthetic_ic3_grounded,phishing_spoofing::1
We were unable to process your recent Bank of America payment. Please update your billing information immediately to avoid a suspension of your account.,1,phishing_spoofing,1,synthetic_ic3_grounded,phishing_spoofing::1
We were unable to process your recent Chase payment. Please update your billing information immediately to avoid a suspension of your account.,1,phishing_spoofing,1,synthetic_ic3_grounded,phishing_spoofing::1
We were unable to process your recent Citibank payment. Please update your billing information immediately to avoid a suspension of your account.,1,phishing_spoofing,1,synthetic_ic3_grounded,phishing_spoofing::1
We were unable to process your recent Capital One payment. Please update your billing information immediately to avoid a suspension of your account.,1,phishing_spoofing,1,synthetic_ic3_grounded,phishing_spoofing::1
Your package could not be delivered due to an unpaid customs fee of $2.99. Click here to pay the fee and reschedule delivery before it is returned to sender.,1,phishing_spoofing,1,synthetic_ic3_grounded,phishing_spoofing::2
"Security Alert: We noticed a new sign-in to your account from an unrecognized device. If this wasn't you, verify your password immediately using the secure link below.",1,phishing_spoofing,1,synthetic_ic3_grounded,phishing_spoofing::3
Your Chase debit card has been flagged for suspicious purchases. Confirm your card number and PIN through the secure link below to prevent it from being closed.,1,phishing_spoofing,1,synthetic_ic3_grounded,phishing_spoofing::4
Your your credit union debit card has been flagged for suspicious purchases. Confirm your card number and PIN through the secure link below to prevent it from being closed.,1,phishing_spoofing,1,synthetic_ic3_grounded,phishing_spoofing::4
Your Bank of America debit card has been flagged for suspicious purchases. Confirm your card number and PIN through the secure link below to prevent it from being closed.,1,phishing_spoofing,1,synthetic_ic3_grounded,phishing_spoofing::4
Your Capital One debit card has been flagged for suspicious purchases. Confirm your card number and PIN through the secure link below to prevent it from being closed.,1,phishing_spoofing,1,synthetic_ic3_grounded,phishing_spoofing::4
Your Citibank debit card has been flagged for suspicious purchases. Confirm your card number and PIN through the secure link below to prevent it from being closed.,1,phishing_spoofing,1,synthetic_ic3_grounded,phishing_spoofing::4
Your Wells Fargo debit card has been flagged for suspicious purchases. Confirm your card number and PIN through the secure link below to prevent it from being closed.,1,phishing_spoofing,1,synthetic_ic3_grounded,phishing_spoofing::4
Final reminder: your Chase online banking access will be suspended today unless you re-verify your account information through the link provided.,1,phishing_spoofing,1,synthetic_ic3_grounded,phishing_spoofing::5
Final reminder: your Bank of America online banking access will be suspended today unless you re-verify your account information through the link provided.,1,phishing_spoofing,1,synthetic_ic3_grounded,phishing_spoofing::5
Final reminder: your your credit union online banking access will be suspended today unless you re-verify your account information through the link provided.,1,phishing_spoofing,1,synthetic_ic3_grounded,phishing_spoofing::5
Final reminder: your US Bank online banking access will be suspended today unless you re-verify your account information through the link provided.,1,phishing_spoofing,1,synthetic_ic3_grounded,phishing_spoofing::5
Final reminder: your Wells Fargo online banking access will be suspended today unless you re-verify your account information through the link provided.,1,phishing_spoofing,1,synthetic_ic3_grounded,phishing_spoofing::5
Final reminder: your Citibank online banking access will be suspended today unless you re-verify your account information through the link provided.,1,phishing_spoofing,1,synthetic_ic3_grounded,phishing_spoofing::5
"Hello, there is an opening for a waitlisted appointment at your local clinic. This offer is time sensitive and may be offered to other patients if we don't hear back. Please sign in to your account to review the available date.",0,legitimate_formal,1,synthetic_legit_formal,legitimate_formal::0
"Hello, there is an opening for a waitlisted appointment at Scripps Health. This offer is time sensitive and may be offered to other patients if we don't hear back. Please sign in to your account to review the available date.",0,legitimate_formal,1,synthetic_legit_formal,legitimate_formal::0
"Hello, there is an opening for a waitlisted appointment at your primary care office. This offer is time sensitive and may be offered to other patients if we don't hear back. Please sign in to your account to review the available date.",0,legitimate_formal,1,synthetic_legit_formal,legitimate_formal::0
"Hello, there is an opening for a waitlisted appointment at Kaiser Permanente. This offer is time sensitive and may be offered to other patients if we don't hear back. Please sign in to your account to review the available date.",0,legitimate_formal,1,synthetic_legit_formal,legitimate_formal::0
"Hello, there is an opening for a waitlisted appointment at Sharp HealthCare. This offer is time sensitive and may be offered to other patients if we don't hear back. Please sign in to your account to review the available date.",0,legitimate_formal,1,synthetic_legit_formal,legitimate_formal::0
"Hello, there is an opening for a waitlisted appointment at UC San Diego Health. This offer is time sensitive and may be offered to other patients if we don't hear back. Please sign in to your account to review the available date.",0,legitimate_formal,1,synthetic_legit_formal,legitimate_formal::0
This is a reminder that your appointment with Dr. Reynolds is confirmed for next Tuesday at 10:00 AM. Please arrive 15 minutes early to complete any paperwork.,0,legitimate_formal,1,synthetic_legit_formal,legitimate_formal::1
This is a reminder that your appointment with Dr. Kim is confirmed for next Tuesday at 10:00 AM. Please arrive 15 minutes early to complete any paperwork.,0,legitimate_formal,1,synthetic_legit_formal,legitimate_formal::1
This is a reminder that your appointment with Dr. Patel is confirmed for next Tuesday at 10:00 AM. Please arrive 15 minutes early to complete any paperwork.,0,legitimate_formal,1,synthetic_legit_formal,legitimate_formal::1
This is a reminder that your appointment with Dr. Nguyen is confirmed for next Tuesday at 10:00 AM. Please arrive 15 minutes early to complete any paperwork.,0,legitimate_formal,1,synthetic_legit_formal,legitimate_formal::1
This is a reminder that your appointment with Dr. Alvarez is confirmed for next Tuesday at 10:00 AM. Please arrive 15 minutes early to complete any paperwork.,0,legitimate_formal,1,synthetic_legit_formal,legitimate_formal::1
"Your recent lab results from UC San Diego Health are now available. Please log in to your patient portal to view them, or call our office if you have any questions.",0,legitimate_formal,1,synthetic_legit_formal,legitimate_formal::2
"Your recent lab results from your primary care office are now available. Please log in to your patient portal to view them, or call our office if you have any questions.",0,legitimate_formal,1,synthetic_legit_formal,legitimate_formal::2
"Your recent lab results from Kaiser Permanente are now available. Please log in to your patient portal to view them, or call our office if you have any questions.",0,legitimate_formal,1,synthetic_legit_formal,legitimate_formal::2
"Your recent lab results from your local clinic are now available. Please log in to your patient portal to view them, or call our office if you have any questions.",0,legitimate_formal,1,synthetic_legit_formal,legitimate_formal::2
"Your recent lab results from Sharp HealthCare are now available. Please log in to your patient portal to view them, or call our office if you have any questions.",0,legitimate_formal,1,synthetic_legit_formal,legitimate_formal::2
"Your recent lab results from Scripps Health are now available. Please log in to your patient portal to view them, or call our office if you have any questions.",0,legitimate_formal,1,synthetic_legit_formal,legitimate_formal::2
Your Chase statement for this month is now available online. Log in through our official app or website to view your latest balance and transactions.,0,legitimate_formal,1,synthetic_legit_formal,legitimate_formal::3
Your Citibank statement for this month is now available online. Log in through our official app or website to view your latest balance and transactions.,0,legitimate_formal,1,synthetic_legit_formal,legitimate_formal::3
Your Bank of America statement for this month is now available online. Log in through our official app or website to view your latest balance and transactions.,0,legitimate_formal,1,synthetic_legit_formal,legitimate_formal::3
Your Wells Fargo statement for this month is now available online. Log in through our official app or website to view your latest balance and transactions.,0,legitimate_formal,1,synthetic_legit_formal,legitimate_formal::3
Your Capital One statement for this month is now available online. Log in through our official app or website to view your latest balance and transactions.,0,legitimate_formal,1,synthetic_legit_formal,legitimate_formal::3
Your US Bank statement for this month is now available online. Log in through our official app or website to view your latest balance and transactions.,0,legitimate_formal,1,synthetic_legit_formal,legitimate_formal::3
Your your credit union statement for this month is now available online. Log in through our official app or website to view your latest balance and transactions.,0,legitimate_formal,1,synthetic_legit_formal,legitimate_formal::3
"Thank you -- your recent payment was received and processed successfully (reference D-6642). Your next billing cycle begins on the first of the month, as usual.",0,legitimate_formal,1,synthetic_legit_formal,legitimate_formal::4
"Thank you -- your recent payment was received and processed successfully (reference C-1093). Your next billing cycle begins on the first of the month, as usual.",0,legitimate_formal,1,synthetic_legit_formal,legitimate_formal::4
"Thank you -- your recent payment was received and processed successfully (reference B-8825). Your next billing cycle begins on the first of the month, as usual.",0,legitimate_formal,1,synthetic_legit_formal,legitimate_formal::4
"Thank you -- your recent payment was received and processed successfully (reference E-3357). Your next billing cycle begins on the first of the month, as usual.",0,legitimate_formal,1,synthetic_legit_formal,legitimate_formal::4
"Thank you -- your recent payment was received and processed successfully (reference A-4471). Your next billing cycle begins on the first of the month, as usual.",0,legitimate_formal,1,synthetic_legit_formal,legitimate_formal::4
Your order has shipped and is on its way! Track your package anytime through your account. Estimated delivery is in 3-5 business days via FedEx.,0,legitimate_formal,1,synthetic_legit_formal,legitimate_formal::5
Your order has shipped and is on its way! Track your package anytime through your account. Estimated delivery is in 3-5 business days via USPS.,0,legitimate_formal,1,synthetic_legit_formal,legitimate_formal::5
Your order has shipped and is on its way! Track your package anytime through your account. Estimated delivery is in 3-5 business days via UPS.,0,legitimate_formal,1,synthetic_legit_formal,legitimate_formal::5
Your order has shipped and is on its way! Track your package anytime through your account. Estimated delivery is in 3-5 business days via your local post office.,0,legitimate_formal,1,synthetic_legit_formal,legitimate_formal::5
your local post office: Your package is out for delivery today. No signature is required. You can track its progress using the tracking number in your account.,0,legitimate_formal,1,synthetic_legit_formal,legitimate_formal::6
FedEx: Your package is out for delivery today. No signature is required. You can track its progress using the tracking number in your account.,0,legitimate_formal,1,synthetic_legit_formal,legitimate_formal::6
USPS: Your package is out for delivery today. No signature is required. You can track its progress using the tracking number in your account.,0,legitimate_formal,1,synthetic_legit_formal,legitimate_formal::6
UPS: Your package is out for delivery today. No signature is required. You can track its progress using the tracking number in your account.,0,legitimate_formal,1,synthetic_legit_formal,legitimate_formal::6
This is a reminder that your streaming service will renew automatically next week. No action is needed if you'd like to continue -- log in to your account anytime to make changes.,0,legitimate_formal,1,synthetic_legit_formal,legitimate_formal::7
This is a reminder that your magazine subscription will renew automatically next week. No action is needed if you'd like to continue -- log in to your account anytime to make changes.,0,legitimate_formal,1,synthetic_legit_formal,legitimate_formal::7
This is a reminder that your newspaper subscription will renew automatically next week. No action is needed if you'd like to continue -- log in to your account anytime to make changes.,0,legitimate_formal,1,synthetic_legit_formal,legitimate_formal::7
Your prescription refill is ready for pickup at the online shop during normal business hours. Please bring a photo ID if this is your first pickup this year.,0,legitimate_formal,1,synthetic_legit_formal,legitimate_formal::8
Your prescription refill is ready for pickup at your neighborhood market during normal business hours. Please bring a photo ID if this is your first pickup this year.,0,legitimate_formal,1,synthetic_legit_formal,legitimate_formal::8
Your prescription refill is ready for pickup at our store during normal business hours. Please bring a photo ID if this is your first pickup this year.,0,legitimate_formal,1,synthetic_legit_formal,legitimate_formal::8
Your prescription refill is ready for pickup at the pharmacy during normal business hours. Please bring a photo ID if this is your first pickup this year.,0,legitimate_formal,1,synthetic_legit_formal,legitimate_formal::8
This is a reminder from your library that a book you requested is ready for pickup. It will be held for 7 days before being returned to the shelf.,0,legitimate_formal,1,synthetic_legit_formal,legitimate_formal::9
Your reference number C-1093 has been created for your recent service request. A representative will follow up within 2 business days if any further information is needed.,0,legitimate_formal,1,synthetic_legit_formal,legitimate_formal::10
Your reference number B-8825 has been created for your recent service request. A representative will follow up within 2 business days if any further information is needed.,0,legitimate_formal,1,synthetic_legit_formal,legitimate_formal::10
Your reference number E-3357 has been created for your recent service request. A representative will follow up within 2 business days if any further information is needed.,0,legitimate_formal,1,synthetic_legit_formal,legitimate_formal::10
Your reference number A-4471 has been created for your recent service request. A representative will follow up within 2 business days if any further information is needed.,0,legitimate_formal,1,synthetic_legit_formal,legitimate_formal::10
Your reference number D-6642 has been created for your recent service request. A representative will follow up within 2 business days if any further information is needed.,0,legitimate_formal,1,synthetic_legit_formal,legitimate_formal::10
Thank you for renewing your membership. Your new card will arrive by mail within 7-10 business days. No action is required on your part.,0,legitimate_formal,1,synthetic_legit_formal,legitimate_formal::11
This is a courtesy reminder that your annual wellness visit at Sharp HealthCare is coming up. Please call our office at your convenience to schedule a time that works for you.,0,legitimate_formal,1,synthetic_legit_formal,legitimate_formal::12
This is a courtesy reminder that your annual wellness visit at Scripps Health is coming up. Please call our office at your convenience to schedule a time that works for you.,0,legitimate_formal,1,synthetic_legit_formal,legitimate_formal::12
This is a courtesy reminder that your annual wellness visit at Kaiser Permanente is coming up. Please call our office at your convenience to schedule a time that works for you.,0,legitimate_formal,1,synthetic_legit_formal,legitimate_formal::12
This is a courtesy reminder that your annual wellness visit at your local clinic is coming up. Please call our office at your convenience to schedule a time that works for you.,0,legitimate_formal,1,synthetic_legit_formal,legitimate_formal::12
This is a courtesy reminder that your annual wellness visit at your primary care office is coming up. Please call our office at your convenience to schedule a time that works for you.,0,legitimate_formal,1,synthetic_legit_formal,legitimate_formal::12
This is a courtesy reminder that your annual wellness visit at UC San Diego Health is coming up. Please call our office at your convenience to schedule a time that works for you.,0,legitimate_formal,1,synthetic_legit_formal,legitimate_formal::12
"Your utility payment was received, thank you. Your next billing statement will be available in your account on the usual date next month.",0,legitimate_formal,1,synthetic_legit_formal,legitimate_formal::13
"We appreciate your feedback on your recent visit to Scripps Health. If you have a few minutes, a short survey link is available in your patient portal -- entirely optional.",0,legitimate_formal,1,synthetic_legit_formal,legitimate_formal::14
"We appreciate your feedback on your recent visit to your primary care office. If you have a few minutes, a short survey link is available in your patient portal -- entirely optional.",0,legitimate_formal,1,synthetic_legit_formal,legitimate_formal::14
"We appreciate your feedback on your recent visit to Sharp HealthCare. If you have a few minutes, a short survey link is available in your patient portal -- entirely optional.",0,legitimate_formal,1,synthetic_legit_formal,legitimate_formal::14
"We appreciate your feedback on your recent visit to your local clinic. If you have a few minutes, a short survey link is available in your patient portal -- entirely optional.",0,legitimate_formal,1,synthetic_legit_formal,legitimate_formal::14
"We appreciate your feedback on your recent visit to UC San Diego Health. If you have a few minutes, a short survey link is available in your patient portal -- entirely optional.",0,legitimate_formal,1,synthetic_legit_formal,legitimate_formal::14
"We appreciate your feedback on your recent visit to Kaiser Permanente. If you have a few minutes, a short survey link is available in your patient portal -- entirely optional.",0,legitimate_formal,1,synthetic_legit_formal,legitimate_formal::14
"Hi Dad, just checking in -- how was your doctor's appointment today? Call me when you get a chance, love you.",0,legitimate,1,synthetic_ic3_grounded,legitimate::0
Your Capital One statement is now available online. Log in through our official app or website to view your latest balance.,0,legitimate,1,synthetic_ic3_grounded,legitimate::1
Your Wells Fargo statement is now available online. Log in through our official app or website to view your latest balance.,0,legitimate,1,synthetic_ic3_grounded,legitimate::1
Your Chase statement is now available online. Log in through our official app or website to view your latest balance.,0,legitimate,1,synthetic_ic3_grounded,legitimate::1
Your your credit union statement is now available online. Log in through our official app or website to view your latest balance.,0,legitimate,1,synthetic_ic3_grounded,legitimate::1
Your US Bank statement is now available online. Log in through our official app or website to view your latest balance.,0,legitimate,1,synthetic_ic3_grounded,legitimate::1
Reminder: your Medicare Part B premium payment is due on the 20th. No action is needed if you're enrolled in automatic withdrawal.,0,legitimate,1,synthetic_ic3_grounded,legitimate::2
This is a reminder from your pharmacy that your prescription refill is ready for pickup during normal business hours.,0,legitimate,1,synthetic_ic3_grounded,legitimate::3
Thanks for shopping with us! Your order has shipped and is expected to arrive in 3-5 business days. Track your package in your account.,0,legitimate,1,synthetic_ic3_grounded,legitimate::4
"Hi Grandma, it's me! Just wanted to say happy birthday and that I'll call you this weekend. Miss you!",0,legitimate,1,synthetic_ic3_grounded,legitimate::5
Your appointment with Dr. Reynolds is confirmed for Tuesday at 10:00 AM. Please arrive 15 minutes early to complete paperwork.,0,legitimate,1,synthetic_ic3_grounded,legitimate::6
This is your library reminder: 'The Thursday Murder Club' is due back in 3 days. You can renew online or by phone.,0,legitimate,1,synthetic_ic3_grounded,legitimate::7
Your annual wellness visit is coming up. Please call our office at your convenience to schedule a time that works for you.,0,legitimate,1,synthetic_ic3_grounded,legitimate::8
Thank you for your donation to the local food bank. Your generosity helps feed families in our community this month.,0,legitimate,1,synthetic_ic3_grounded,legitimate::9
