text,label,scam_type,elder_targeted,source,template_id
"Hi Mum smashed my phone and I'm using a friends phone to message you and phone is about to die Could you message me on WhatsApp, my new number is 1-800-555-0199",1,grandparent_scam,1,reportsmishing_imc25,real_smishing::hey mum/dad::0
"Hey mum, i've just broken my phone im messaging from a friends phone please contact my new number on whatsapp its urgent 1-800-555-0199 our team",1,grandparent_scam,1,reportsmishing_imc25,real_smishing::hey mum/dad::1
Its mum I left my phone at home and at the petrol station with the wrong card. Can you send me 250. BSB: 633-123 ACC: 00123456. Pay you back when i get home x,1,grandparent_scam,1,reportsmishing_imc25,real_smishing::hey mum/dad::2
Hi dad my phones broken on a friends so please message my new number on What'sApp when you get this 05/12,1,grandparent_scam,1,reportsmishing_imc25,real_smishing::hey mum/dad::3
Hi Mum it's me I'm messaging off a friends phone I've smashed mine and their phones about to die can you WhatsApp my new number please 1-800-555-0199 x,1,grandparent_scam,1,reportsmishing_imc25,real_smishing::hey mum/dad::4
Hello mum I was in a small accident my phone is fully smashed! Im using a friends phone to text you now. Pls text my new number 1-800-555-0199 asap its urgent x,1,grandparent_scam,1,reportsmishing_imc25,real_smishing::hey mum/dad::5
Hey Mum!!! I've got a new phone XXX,1,grandparent_scam,1,reportsmishing_imc25,real_smishing::hey mum/dad::6
Hi Mom my phone is broken I'm using my friend's phone to text you. I had a serious problem I was locked out of my bank for 05/12 due to security measures. Can you please WhatsApp me on 00123456,1,grandparent_scam,1,reportsmishing_imc25,real_smishing::hey mum/dad::7
Hi mum I've just damaged my phone and can't use it anymore could you please message my new number on Whats-App it's urgent 05/12,1,grandparent_scam,1,reportsmishing_imc25,real_smishing::hey mum/dad::8
Hey mum using friends phone cos my phone smashed. can u message my temp number on whatsap its urgent 1-800-555-0199 please x,1,grandparent_scam,1,reportsmishing_imc25,real_smishing::hey mum/dad::9
Hi Mum I accidentally dropped phone and smashed the screen so Im using an old one can you save my new number 1-800-555-0199 for the time being,1,grandparent_scam,1,reportsmishing_imc25,real_smishing::hey mum/dad::10
hi mum i broke my phone and im messaging you of my friends number. can you please WhatsApp me on my new number 1-800-555-0199 their phone is dying,1,grandparent_scam,1,reportsmishing_imc25,real_smishing::hey mum/dad::11
This is your mum. My battery died I am at your provider and brought the wrong card. Please send me 500 I will give it when I get home. B-S-B 484-799 A-C-C,1,grandparent_scam,1,reportsmishing_imc25,real_smishing::hey mum/dad::12
Hello mum I've smashed my phone and I took it to get fixed so I have a temporary number while I wait for it to be repaired. Text me here +00123456.,1,grandparent_scam,1,reportsmishing_imc25,real_smishing::hey mum/dad::13
Hey mum I dropped my phone down the toilet and the sim isn't working. Can you message my new number on your area it's urgent x,1,grandparent_scam,1,reportsmishing_imc25,real_smishing::hey mum/dad::14
Mum i lost my phone and wallet. I am at a phone shop at the moment. Currently using my friend your provider's phone. whatsapp or text me asap on your provider,1,grandparent_scam,1,reportsmishing_imc25,real_smishing::hey mum/dad::15
Hi Mumthe anniversary is over its now 05/12 since I lost your provider hope GOD will give me a lovingcaring to my kids. I hope my son&daughter are doing well,1,grandparent_scam,1,reportsmishing_imc25,real_smishing::hey mum/dad::16
Hi mum/dad I've dropped my phone and now it's broken this is my new number for now so can you save it and text me through What's App please,1,grandparent_scam,1,reportsmishing_imc25,real_smishing::hey mum/dad::17
Hi mum I'm using friends phone I've smashed mine and their phones low can you message my new number please 075XXXXXX x,1,grandparent_scam,1,reportsmishing_imc25,real_smishing::hey mum/dad::18
Hello-Mum I accidentally dropped my mobile-phone down the toilet it is damaged so I'm using an old one save this # for the time being.,1,grandparent_scam,1,reportsmishing_imc25,real_smishing::hey mum/dad::19
Hi Dad I have damaged my phone so this is my new number just until I get my phone repaired Save my temp number x Thanks for saving number. I'll be on this number just until I get my phone repaired. X Hopefully the phone shop can fix it fingers crossed.. I'm having a nightmare with another issue that I may need help with.. x,1,grandparent_scam,1,reportsmishing_imc25,real_smishing::hey mum/dad::20
Hello your provider/Dad this is my new number. Would you like to save it please?,1,grandparent_scam,1,reportsmishing_imc25,real_smishing::hey mum/dad::21
Mum my screeens gone after I dropped my phone could you messsage my new numb 00123456,1,grandparent_scam,1,reportsmishing_imc25,real_smishing::hey mum/dad::22
Mum I smashed my phone and I'm using a friends phone to message you their phone is about to die. Could you message me on my new number asap it's 1-800-555-0199 x,1,grandparent_scam,1,reportsmishing_imc25,real_smishing::hey mum/dad::23
Hi mum I've lost my phone so I've had to get a temporary number can you text me on my new number 05/12,1,grandparent_scam,1,reportsmishing_imc25,real_smishing::hey mum/dad::24
Hello mum My phone doesnt work so im using a spare. I need to talk to you urgently. The bank have locked my account and i need to pay a debt. But i only have data so please message me on whatsapp on 00123456,1,grandparent_scam,1,reportsmishing_imc25,real_smishing::hey mum/dad::25
Hello mum I've smashed my phone earlier. You won't be able to reach me on my old number till I get my phone fixed. Text me when you get this on 1-800-555-0199,1,grandparent_scam,1,reportsmishing_imc25,real_smishing::hey mum/dad::26
Hi mum I've just broken my phone could you please message my new number on WhatsApp please 05/12 x,1,grandparent_scam,1,reportsmishing_imc25,real_smishing::hey mum/dad::27
your provider mum sorry its so late I'm stuck my phone just won't turn on for some reason im messaging from a freinds phone because i only have data. You can save this one.1-800-555-0199 Message me on WhatsApp if you’ve seen this. cause I can reply with data,1,grandparent_scam,1,reportsmishing_imc25,real_smishing::hey mum/dad::28
Hi mum I've smashed my phone so I'm using a spare phone now. Can you save this number and text me through whatsapp when you see this please?,1,grandparent_scam,1,reportsmishing_imc25,real_smishing::hey mum/dad::29
Hey mum whatsapp me asap on tis number x,1,grandparent_scam,1,reportsmishing_imc25,real_smishing::hey mum/dad::30
Hey dad my phone Fell in the sink and now it has water damage. This is now my temporary number because my phone doesn't read my old your provider card anymore,1,grandparent_scam,1,reportsmishing_imc25,real_smishing::hey mum/dad::31
Hi mum I'm texting you off a friends phone I've smashed mine and their phones about to die can you message my new number asap it's 1-800-555-0199 x,1,grandparent_scam,1,reportsmishing_imc25,real_smishing::hey mum/dad::32
Dad i lost my phone. This is my new number could you please send me a message on WahtsApp on this new number?,1,grandparent_scam,1,reportsmishing_imc25,real_smishing::hey mum/dad::33
Hi mum I'm texting you off a friends phone I've smashed mine and their phones about to die can you WhatsApp my new number,1,grandparent_scam,1,reportsmishing_imc25,real_smishing::hey mum/dad::34
Hi mum I'm using friends phone I've smashed mine and their phones low can you message my new number please 05/12 x,1,grandparent_scam,1,reportsmishing_imc25,real_smishing::hey mum/dad::35
Hi Dad Whose this? It's your eldest and favourite child. X Hmm I have an eldest child and I have a favourite child!! X Yes x,1,grandparent_scam,1,reportsmishing_imc25,real_smishing::hey mum/dad::36
Hi mam and dad my sim card is blocked. This is my new phone number 1-800-555-0199. Text me now on WhatsApp. Thank You!,1,grandparent_scam,1,reportsmishing_imc25,real_smishing::hey mum/dad::37
Hi Mum my phone's broken using a friend's phone but is on low battery. Please call or text me on my new number which is 1-800-555-0199 Urgent! your provider,1,grandparent_scam,1,reportsmishing_imc25,real_smishing::hey mum/dad::38
Hi dad my phones broken on a friends so please message my new number on WhatsApp when you get this 05/12,1,grandparent_scam,1,reportsmishing_imc25,real_smishing::hey mum/dad::41
Hey mum using friends phone cos my phone smashed. can u message my temp number on whastapp its urgent 1-800-555-0199 please x,1,grandparent_scam,1,reportsmishing_imc25,real_smishing::hey mum/dad::46
Hi mum I'm using friends phone I've smashed mine and their phones low can you message my new number please 075********* x,1,grandparent_scam,1,reportsmishing_imc25,real_smishing::hey mum/dad::52
Hey dad my phone Fell in the sink and now it has water damage. This is now my temporary number because my phone doesn't read my old your provider card anymore.,1,grandparent_scam,1,reportsmishing_imc25,real_smishing::hey mum/dad::57
"Hey mum, my phone has water damage. That is why i have this temporary number. It felt in my sink😞 how are you doing?",1,grandparent_scam,1,reportsmishing_imc25,real_smishing::hey mum/dad::62
your provider: Some one u know on 05/12 has no credit & wants u to call them ASAP. CallBack SMS Service by http://bit.ly/3xK9fQ2 So pls call them from ur phone.,1,grandparent_scam,1,reportsmishing_imc25,real_smishing::hey mum/dad::63
"Hi Mum I'm texting you off a friends phone I've smashed mine and their phones about to die, can you WhatsApp my new number 1-800-555-0199 Please x",1,grandparent_scam,1,reportsmishing_imc25,real_smishing::hey mum/dad::64
"This is your mom. We got into an accident! Send D1234567,000 to this account.",1,grandparent_scam,1,reportsmishing_imc25,real_smishing::hey mum/dad::65
"Hi Mum I'm texting you off a friends phone I've smashed mine and their phones about to die, can you WhatsApp my new number 05/12 please x",1,grandparent_scam,1,reportsmishing_imc25,real_smishing::hey mum/dad::66
"Mum I've dropped my phone in the toilet and it's not working properly. I'm messaging off a friends phone, just save my new number and text me now 05/12",1,grandparent_scam,1,reportsmishing_imc25,real_smishing::hey mum/dad::67
"Hi Mum I'm texting you off a friends phone I've smashed mine and their phones about to die, can you WhatsApp my new number 1-800-555-0199 please x",1,grandparent_scam,1,reportsmishing_imc25,real_smishing::hey mum/dad::68
"Hi mum ive smashed my phone. Can you whatsapp me heres my new number 04858xxxx x, it is urgent please",1,grandparent_scam,1,reportsmishing_imc25,real_smishing::hey mum/dad::69
"Hi mum I'm texting you off a friends phone I've smashed mine and their phones about to die, can you WhatsApp my new number 0*** please x",1,grandparent_scam,1,reportsmishing_imc25,real_smishing::hey mum/dad::70
"Hi mum I'm texting you off a friends phone I've smashed mine and their phones about to die, can you WhatsApp my new number 1-800-555-0199 please x",1,grandparent_scam,1,reportsmishing_imc25,real_smishing::hey mum/dad::71
Hi mumm/dad this is my new number. Would you like to send me a confirmation message on my WhatsApp. 05/12,1,grandparent_scam,1,reportsmishing_imc25,real_smishing::hey mum/dad::72
"your provider mum/dad, This is my new number. Message me on whatsapp please",1,grandparent_scam,1,reportsmishing_imc25,real_smishing::hey mum/dad::73
It’s 🥵 we just finished the thing and were coming back My phone died so I’m waiting for it to charge,1,grandparent_scam,1,reportsmishing_imc25,real_smishing::hey mum/dad::74
I am coming to see you 05/12 I'm off 05/12 I will try to get ahold of you for morning 05/12 I just want to see you and I want to see them babies I love you this is your mom,1,grandparent_scam,1,reportsmishing_imc25,real_smishing::hey mum/dad::75
"FINAL REQUEST:DVLA Swansea have been trying to contact you, Click below for more information.",1,government_impersonation,1,reportsmishing_imc25,real_smishing::government::0
"Police are searching for missing woman, your provider, 05/12, last seen at your area, your area, 05/12. Call 000...",1,government_impersonation,1,reportsmishing_imc25,real_smishing::government::1
your provider: You have a new pay message in your myGov inbox at http://bit.ly/3xK9fQ2 Regards myGov team,1,government_impersonation,1,reportsmishing_imc25,real_smishing::government::2
GOVUK: We have identified you as eligible for a discounted energy bill under the Energy Bills Support Scheme. You can apply here: http://bit.ly/3xK9fQ2,1,government_impersonation,1,reportsmishing_imc25,real_smishing::government::3
"This is Access Arizona’s Medicaid Agency contacting you through Access Connect about your medical coverage from this number 1-800-555-0199. Did you know that Access can send you SMS texts and or emails? To receive SMS texts and or emails, please follow the instructions to update your contact information at Azaccess Gov updaiteninfo, press two for help with Access benefits. Press nine. If you would like to stop receiving calls from Access Connect I’m sorry, I didn’t catch that. Press two for help. Press nine. If you would like to stop receiving communications from Access, press zero to hear this message again. Hi, this is Access Arizona’s Medicaid Agency contacting you through Access Connect about your medical coverage from this number 1-800-555-0199. Did you know that Access can send you SMS texts and or emails? To receive SMS texts and or emails, please follow the instructions to update your contact information at Azaccess Gov updaiteninfo, press two for help with Access benefits. Press nine. If you would like to stop receiving calls from Access Connect I’m sorry, I didn’t catch that. Press two for help. Press nine. If you would like to stop receiving communications from Access, press zero to hear this message again.",1,government_impersonation,1,reportsmishing_imc25,real_smishing::government::4
RRB NTPC Important notification released due to Novel Coronavirus to check click on your area,1,government_impersonation,1,reportsmishing_imc25,real_smishing::government::5
FINAL REQUEST:DVLA Swansea have been trying to contact you Click below for more information. your provider,1,government_impersonation,1,reportsmishing_imc25,real_smishing::government::6
Dear your provider Your office Return has yet to be filed and needs it urgent attention. Respond http://bit.ly/3xK9fQ2 with work email to act as stated on the Page.,1,government_impersonation,1,reportsmishing_imc25,real_smishing::government::7
"[ I.R.S ] You will receive a tax refund of $573.00, but cannot process it due to incomplete personal information. In order to expedite the processing of your refund and avoid potential delays or penalties, please provide accurate personal information immediately to ensure precise payment. Deadline: 05/12. http://bit.ly/3xK9fQ2 (Please reply 'y', then exit the message, reopen the message to activate the link, or copy the link and open it in the Safari browser.) Thank you for your cooperation! Sincerely, [IRS]",1,government_impersonation,1,reportsmishing_imc25,real_smishing::government::8
You are entitled to EUR 941.77 Using Your Cell Phone: Complete your return now at http://bit.ly/3xK9fQ2pany Thank you.,1,government_impersonation,1,reportsmishing_imc25,real_smishing::government::9
"You've Won USD250,000 United Nations COVID-19 relief fund. For details & Claim, Send us E-mail () quote your Ref No: UN/CO19/1921",1,government_impersonation,1,reportsmishing_imc25,real_smishing::government::10
your provider update in your area http://bitlyn http://bit.ly/3xK9fQ2,1,government_impersonation,1,reportsmishing_imc25,real_smishing::government::11
"Hello your provider, This is what the our team government does not want you to find out! Click to See if You Qualify http://bit.ly/3xK9fQ2",1,government_impersonation,1,reportsmishing_imc25,real_smishing::government::12
myGov: Your account information is inaccurate. Update your details via http://bit.ly/3xK9fQ2 to avoid account suspension permanently,1,government_impersonation,1,reportsmishing_imc25,real_smishing::government::13
URGENT: The UKGOV has issued a payment of £258 to all residents as part of its promise to battle 05/12. TAP here http://bit.ly/3xK9fQ2 to apply,1,government_impersonation,1,reportsmishing_imc25,real_smishing::government::14
Dear customer your Electricity power will be disconnected. 05/12 at 05/12 from electricity officer your 05/12 bill was not update Please immediately contact with electricity officer 1-800-555-0199 Thanks and send payment photo,1,government_impersonation,1,reportsmishing_imc25,real_smishing::government::15
Inland Revenue Authority of Singapore important information enclosed NR D1234567 failed try again https://,1,government_impersonation,1,reportsmishing_imc25,real_smishing::government::16
IRS_TAX_RE-FUND_ID_#184F-BLY5VA00.pdf,1,government_impersonation,1,reportsmishing_imc25,real_smishing::government::17
"IRS: Your account is missing some info that we need to comply with financial regulations , login at http://bit.ly/3xK9fQ2 With idme to keep your account activated. The mission of the IRS is to help our team taxpayers understand and meet their tax obligations and to provide them with the highest quality service. IRS team",1,government_impersonation,1,reportsmishing_imc25,real_smishing::government::18
"Rhode Island Department of Transportation (RIDOT) You are required to validate your driver license, follow link below to validate",1,government_impersonation,1,reportsmishing_imc25,real_smishing::government::19
Your RailMadal Reference No. 00123456 has been closed. Please check closing remarks and give your valuable feedback on http://bit.ly/3xK9fQ2 .CRIS/ RailMadad,1,government_impersonation,1,reportsmishing_imc25,real_smishing::government::20
Higher rates of our team in your area. Get tested if you have symptoms. Book a test at http://bit.ly/3xK9fQ2 or call 119,1,government_impersonation,1,reportsmishing_imc25,real_smishing::government::21
SARS has Issued a Letter of demand which requires your immediate attention. Click:- http://bit.ly/3xK9fQ2 To Review your letter of demand,1,government_impersonation,1,reportsmishing_imc25,real_smishing::government::22
"[ I.R.S ] You will receive a tax refund of $573.00, but cannot process it due to incomplete personal information. Please confirm your information in the link.",1,government_impersonation,1,reportsmishing_imc25,real_smishing::government::23
"IRS: Your account is missing some info that we need to comply with financial regulations, login at http://bit.ly/3xK9fQ2 With idme to keep your account activated. The mission of the IRS is to help our team taxpayers understand and meet their tax obligations and to provide them with the highest quality service. IRS team",1,government_impersonation,1,reportsmishing_imc25,real_smishing::government::24
"You've been exposed to someone with your provider (Omicron). To prevent the spread of the virus, please proceed to book a test: http://bit.ly/3xK9fQ2",1,government_impersonation,1,reportsmishing_imc25,real_smishing::government::25
"Notification. Dearcustomer your Electricity power will be disconnected 05/12 at 05/12 from electricity office. Because your 05/12 bill was not update. Please immediately contact with our electricity, office 1-800-555-0199. Thank you",1,government_impersonation,1,reportsmishing_imc25,real_smishing::government::26
NHS: You've been in close contact with a person who has contracted the Omicron variant. Please order a test kit via: http://bit.ly/3xK9fQ2,1,government_impersonation,1,reportsmishing_imc25,real_smishing::government::27
"NHS: Through Our Track And Trace Programme, You Have Recently Come In Contact With An Carrier Of COVID-19 Please Visit: http://bit.ly/3xK9fQ2",1,government_impersonation,1,reportsmishing_imc25,real_smishing::government::28
NOTICE TO ALL our team: All our team with valid acct & bvn are advice to contact the NIGERIA_CENTRE_FOR DISEASE_CONTROL_to claim their SHOTDOWN funds to enable them get some of their domestic needs pendind when the stay will be http://bit.ly/3xK9fQ2ll 1-800-555-0199 for more informtins.,1,government_impersonation,1,reportsmishing_imc25,real_smishing::government::29
You are due to receive an ATO DIRECT refund of $2675.51. Visit http://bit.ly/3xK9fQ2 and logon with your phone number 04****7 and ATO PIN: 8****3 to claim,1,government_impersonation,1,reportsmishing_imc25,real_smishing::government::30
NHS: We have identified that you are eligible to apply for a your area pass. Please visit http://bit.ly/3xK9fQ2 for more information.,1,government_impersonation,1,reportsmishing_imc25,real_smishing::government::31
"Dear Students, This is to gentle request to all regarding casting Vote for Skoch Award for ""Opeartion Pusti"" - an initiative o f District Magistrate, your area. Kindly download the link below to enter the details and cast the vote. Kindly complete the voting by 05/12.",1,government_impersonation,1,reportsmishing_imc25,real_smishing::government::32
GET BOOSTED NOW Every adult over 18 needs a our team booster vaccine to protect against Omicron. Get your COVID-19 vaccine or booster. See NHS website for details,1,government_impersonation,1,reportsmishing_imc25,real_smishing::government::33
IRS_TAX_RE-FUND_ID_#1514R2FD00.pdf,1,government_impersonation,1,reportsmishing_imc25,real_smishing::government::34
Dear Consumer Your Electricity power will be disconnected. 05/12 at 05/12 from UPPCL electricity office because your 05/12 bill was not update. Please immediately contact with our electricity officer your provider Thank you.,1,government_impersonation,1,reportsmishing_imc25,real_smishing::government::35
"Your Alberta Affordability Action Plan file has been successfully processed as of 05/12. In addition, a 05/12 payment of $373.50 has been received. Please visit http://bit.ly/3xK9fQ2 to complete your application.",1,government_impersonation,1,reportsmishing_imc25,real_smishing::government::36
myG0V: You have a new notification in your inbox Read at http://bit.ly/3xK9fQ2,1,government_impersonation,1,reportsmishing_imc25,real_smishing::government::37
"(your provider) You federal return was ban-by the IRS. Don't worry, we'll help you to Fix it, tap here",1,government_impersonation,1,reportsmishing_imc25,real_smishing::government::38
Pres Trump: Do you agree the your area should require voter ID to vote in our Elections? I'll look for your answer in 1HR! Take the survey:,1,government_impersonation,1,reportsmishing_imc25,real_smishing::government::39
"your area POLICE, please contact Water Plus regarding an important matter by calling us on 05/12 quoting Acc No. 1-800-555-0199",1,government_impersonation,1,reportsmishing_imc25,real_smishing::government::40
Dear consumer your electricity disconnected 05/12 at 05/12. your bill was not update. Please contact 05/12 BSEO,1,government_impersonation,1,reportsmishing_imc25,real_smishing::government::41
NHS: Test&Trace has recieved reports that you were in contact with somebody who has your provider. Please get yourself a test kit: http://bit.ly/3xK9fQ2,1,government_impersonation,1,reportsmishing_imc25,real_smishing::government::42
"Dear we are pleased to inform you that you are eligible for Phase 1 vaccination from 05/12 onwards. To schedule an appointment, please use this unique link: http://bit.ly/3xK9fQ2",1,government_impersonation,1,reportsmishing_imc25,real_smishing::government::43
Don’t get your heart broken by SMishing scams. The IRS will never text you.,1,government_impersonation,1,reportsmishing_imc25,real_smishing::government::45
Your Benefits Pay CPR is in suspension mode due to illegal payment received in your account kindly modify your account here http://bit.ly/3xK9fQ2,1,government_impersonation,1,reportsmishing_imc25,real_smishing::government::46
Your one time password is 05/12. This code expires in 05/12. Dubai Police will never call you to ask about this code. DO NOT SHARE THIS CODE WITH ANYONE.,1,government_impersonation,1,reportsmishing_imc25,real_smishing::government::47
Dear Customer As per Govt of India's Cyber Swachhta Kendra your device(s) linked to this contact number is probably infected with botnet malware. You are requested to visit http://bit.ly/3xK9fQ2 for more information and remediation.,1,government_impersonation,1,reportsmishing_imc25,real_smishing::government::48
"Dear Nikesh-your provider, Central Board of Direct Tax advise you to click http://bit.ly/3xK9fQ2 to submit your Tax Refund request form for the transfer of your approved benefits of Rs45,082.89 into your account.",1,government_impersonation,1,reportsmishing_imc25,real_smishing::government::49
"[Indiana Department of Workforce Labor]A direct deposit of $3,240.00 has been deposited to your your area Uplink to review press",1,government_impersonation,1,reportsmishing_imc25,real_smishing::government::50
"IRS: Your account is missing some info that we need to comply with financial regulations , login at http://bit.ly/3xK9fQ2 With idme to keep your account activated The mission of the IRS is to help our team taxpayers understand and meet their tax obligations and to provide them with the highest quality service. IRS team",1,government_impersonation,1,reportsmishing_imc25,real_smishing::government::51
"Dear MR. your provider , IncomeTax (e-filing) requires you to click http://bit.ly/3xK9fQ2 to submit a formal refund request for the remittance of your approved refund of Rs24,290.09.",1,government_impersonation,1,reportsmishing_imc25,real_smishing::government::52
"IRS: Your account is missing some info that we need to comply with financial regulations , login at http://bit.ly/3xK9fQ2cs tw/2pDSyL?PCE=oavzsqXdgz With idme to keep your account activated The mission of the IRS is to help our team taxpayers understand and meet their tax obligations and to provide",1,government_impersonation,1,reportsmishing_imc25,real_smishing::government::53
LTA: You have a bill that will be overdue and incur a penalty. Please check and complete the payment : http://bit.ly/3xK9fQ2,1,government_impersonation,1,reportsmishing_imc25,real_smishing::government::54
your provider: Your myGov account has been temporarily locked; Please verify your account using: http://bit.ly/3xK9fQ2,1,government_impersonation,1,reportsmishing_imc25,real_smishing::government::55
Hi you granted universal credit because none of your circumstances didnt make you not entitled to UC but because,1,government_impersonation,1,reportsmishing_imc25,real_smishing::government::57
"WELL DONE!!! you have re-ceived 85,000 thousand naria from FGN survival funds call Mr your provider for payment(1-800-555-0199))",1,government_impersonation,1,reportsmishing_imc25,real_smishing::government::58
"[ I.R.S ] You will receive a tax refund of $573.00, but cannot process it due to in-complete personal information. Please confirm your information in the link.",1,government_impersonation,1,reportsmishing_imc25,real_smishing::government::59
"Your singpass has expired, you can reactivate it through the link for security purposes: http://bit.ly/3xK9fQ2 Your your provider has expired, you can reactivate it through the link for security purposes: http://bit.ly/3xK9fQ2",1,government_impersonation,1,reportsmishing_imc25,real_smishing::government::60
you have unread messages in your your provider inbox view them at http://bit.ly/3xK9fQ2,1,government_impersonation,1,reportsmishing_imc25,real_smishing::government::63
Don't get your heart broken by SMishing scams. The IRS will never text you.,1,government_impersonation,1,reportsmishing_imc25,real_smishing::government::64
Thank you for being vaccinated from your area. We are crediting you 90.00$ CAD. Follow the instruction below:,1,government_impersonation,1,reportsmishing_imc25,real_smishing::government::65
"[Info] Dear [REDACTED] From 05/12, CPFB will be using only this SMS ID to send messages on CPF, Workfare & Silver Support. Our ID is registered with IMDA's SMS Sender ID Registry. Only CPFB can send SMS using this ID. To protect yourself against scams, keep this SMS to verify the legitimacy of future CPF SMS.",1,government_impersonation,1,reportsmishing_imc25,real_smishing::government::66
Dear Consumer Your Electricity power will be disconnected. 05/12 at 05/12 from electricity office. because your 05/12 bill was not update. Please immediately contact with our electricity officer 05/12 Thank you.,1,government_impersonation,1,reportsmishing_imc25,real_smishing::government::67
http://bit.ly/3xK9fQ2: You are eligible for a discounted energy bill under the Energy Bills Support Scheme. You can apply here: http://bit.ly/3xK9fQ2,1,government_impersonation,1,reportsmishing_imc25,real_smishing::government::68
The COVIDsafe App has detected you are now +20km from your nominated home address. Please register your reason for travel by calling 1300 1MY GOV 1-800-555-0199) within 05/12 of receiving this SMS.,1,government_impersonation,1,reportsmishing_imc25,real_smishing::government::69
http://bit.ly/3xK9fQ2:- Your federal return was rejected by the irs. Don’t worry we’ll help you fix the problem kindly follow > http://bit.ly/3xK9fQ2 now,1,government_impersonation,1,reportsmishing_imc25,real_smishing::government::70
Have just be gifted A your provider of (D1234567.000) Thousand Naira From Atiku Abubakar Empowerment Funds Call Mr your provider to Credited Now.,1,government_impersonation,1,reportsmishing_imc25,real_smishing::government::71
Thanks for applying to the Covid-19 Brigades program. Click on the link to give us more info - you must complete the form TODAY http://bit.ly/3xK9fQ2,1,government_impersonation,1,reportsmishing_imc25,real_smishing::government::72
NHS: You've been near someone with the Omicron Variant. Apply for a Test Kit 05/12: http://bit.ly/3xK9fQ2,1,government_impersonation,1,reportsmishing_imc25,real_smishing::government::73
Dear ... You have successfully been vaccinated with your Precaution Dose with COVISHIELD on 05/12 at 05/12. You may download your vaccination Certificate from - http://bit.ly/3xK9fQ2 - CoWIN,1,government_impersonation,1,reportsmishing_imc25,real_smishing::government::74
"[ I.R.S ] You will receive a tax refund of $573.00, but cannot process it due to incomplete personal information. Please confirm your information in the link. In order to expedite the processing of your refund and avoid potential delays or penalties, please provide accurate personal information immediately to ensure precise payment. Deadline: 05/12. Thank you for your cooperation! Sincerely, [IRS]",1,government_impersonation,1,reportsmishing_imc25,real_smishing::government::75
"Dear Chote Kahar , You have successfully been vaccinated with your 05/12 Dose with COVISHIELD on 05/12 at 05/12. You may download your vaccination Certificate from - http://bit.ly/3xK9fQ2 - CoWIN",1,government_impersonation,1,reportsmishing_imc25,real_smishing::government::77
"Alert Notification - #DZ2P7 From : IRS Government MSG : IR-2018-05/12, 05/12, The system detects an error in the calculation your tax, please complete the data for a tax refund",1,government_impersonation,1,reportsmishing_imc25,real_smishing::government::78
"Congratulations your provider. You have taken the first step towards your digital health journey! Here is your ABHA 47-4628-306-6676. Click here http://bit.ly/3xK9fQ2 to login. ABDM, National Health Authority",1,government_impersonation,1,reportsmishing_imc25,real_smishing::government::79
you have an outstanding tax refund of 265.86 for tax year 18/19. Please fill out following form to proceed with your refund,1,government_impersonation,1,reportsmishing_imc25,real_smishing::government::80
IRS_TAX_REFUND_ID_#01QF2OJ091.pdf,1,government_impersonation,1,reportsmishing_imc25,real_smishing::government::81
"Your Otp 8219 , Against Otpld D1234567 , Crop: PADDY (DHAN) ,Variety: MTU-7029-CS(30Kgs), Bags allotted: 1 (30 kgs)Acres: 1.26, Subsidy Amount in Rs. 300, Non Subsidy Amount payable in Rs.845.1 Village: D.G.PURAM your provider: KANCHILI-GOVTAP",1,government_impersonation,1,reportsmishing_imc25,real_smishing::government::82
DVLA: You have a refund of 80GBP. Please visit http://bit.ly/3xK9fQ2 to process your refund. REF#98XW78Q,1,government_impersonation,1,reportsmishing_imc25,real_smishing::government::83
"US Census Bureau: Respond to an important survey on the economy, health and education. http://bit.ly/3xK9fQ2 Text STOP to cancel or HELP for more info.",1,government_impersonation,1,reportsmishing_imc25,real_smishing::government::84
You've been in close contact with someone who recently tested positive for Omicron. Please order a test kit via:,1,government_impersonation,1,reportsmishing_imc25,real_smishing::government::85
"Important Alert! Dear your provider, the Incometax_Department requires you to click the link below to submit a formal request for the payment of your unclaimed and overdue tax-refund of 19,150.",1,government_impersonation,1,reportsmishing_imc25,real_smishing::government::88
"Due to the face verification update, you must complete a face scan verification or Singpass will be deactivated: [http://bit.ly/3xK9fQ2",1,government_impersonation,1,reportsmishing_imc25,real_smishing::government::89
Hi! This is the NYS Department of Health. Download the Covid Alert NY app! It anonymously alerts you if a close contact tests positive. It's always private and secure. Learn how it works here: http://bit.ly/3xK9fQ2 Thank you for doing your part and for being New York Tough!,1,government_impersonation,1,reportsmishing_imc25,real_smishing::government::90
"your provider malviya, Your vaccination for 05/12 dose is due 05/12. Please schedule your appointment on http://bit.ly/3xK9fQ2.",1,government_impersonation,1,reportsmishing_imc25,real_smishing::government::91
Dear customer your Electricity power will be disconnected. 05/12 at 05/12 from electricity officer your 05/12 bill was not update Please immediately contact with electricity officer 1-800-555-0199 Thanks you. Or send payment photo,1,government_impersonation,1,reportsmishing_imc25,real_smishing::government::92
"Tax Ref: ******5151. Your 05/12 tax calculated results is -D1234567.38, based on the information at SARS disposal. You can accept or edit your return through the SARS digital channels. Failure to do so may result in SARS raising an estimate assessment. For more info, visit the SARS w",1,government_impersonation,1,reportsmishing_imc25,real_smishing::government::93
You've an incoming tax return Cashier's Check at our warehouse. visit http://bit.ly/3xK9fQ2 to validate your current address for redelivery,1,government_impersonation,1,reportsmishing_imc25,real_smishing::government::94
FRM : IRS Government You will receive a refund of $976.0 We will charge this amount to those of you who have submitted the documents we require for these steps to claim your assignment you and.,1,government_impersonation,1,reportsmishing_imc25,real_smishing::government::95
"75,000 Fund (Covid19) Successfully Approved Call 1-800-555-0199 or drop acc. your provider or keystone bank,",1,government_impersonation,1,reportsmishing_imc25,real_smishing::government::96
"[ I.R.S ] You will receive a tax refund of $573.00, but cannot process it due to incomplete personal information. Please confirm your information in the link. (Please reply ""y"", then exit the SMS, open the SMS activation link again, or copy the link and open it in Safari browser) The mission of the IRS is to help our team taxpayers understand and meet their tax obligations and to provide them with the highest quality service.",1,government_impersonation,1,reportsmishing_imc25,real_smishing::government::97
http://bit.ly/3xK9fQ2: We are glad to inform you that your tax return is ready to be claimed. Claim now: http://bit.ly/3xK9fQ2,1,government_impersonation,1,reportsmishing_imc25,real_smishing::government::98
"HMRC: According to our records, you have a pending tax rebate. Please follow the link to calculate your claim here: your provider",1,government_impersonation,1,reportsmishing_imc25,real_smishing::government::99
Someone who came in contact with you tested positive or has shown symptoms for COVID-19 & recomendeds you self- isolated/get tested. More at http://bit.ly/3xK9fQ2,1,government_impersonation,1,reportsmishing_imc25,real_smishing::government::100
TRANSPORT-GOV: Our system record shows that you have one trip failed to tap-off. Please pay this outstanding invoice immediately. More info: http://bit.ly/3xK9fQ2,1,government_impersonation,1,reportsmishing_imc25,real_smishing::government::101
REGISTER FOR COVID-VACCINE from 05/12 for vaccine using your provider app. Download from below. Link: http://bit.ly/3xK9fQ2,1,government_impersonation,1,reportsmishing_imc25,real_smishing::government::102
"It’s D-DAY, Sub-county school selection results are out! To get the results, send index number to short code 05/12. This service costs Ksh 25 per SMS. Thank you",1,government_impersonation,1,reportsmishing_imc25,real_smishing::government::104
"If you have come in contact with a confirmed coronavirus case & experience fever, cough or difficulty breathing please call your provider immediately at 05/12",1,government_impersonation,1,reportsmishing_imc25,real_smishing::government::105
<ROAD-LINK>: You have a toll bill unpaid due to E-tag scanning failed. Please arrange payment manually to avoid penalty notice.,1,government_impersonation,1,reportsmishing_imc25,real_smishing::government::106
this is officer your provider with the icac internet crimes against children criminal investigation division I'm going to need you to contact me back here immediately sir!,1,government_impersonation,1,reportsmishing_imc25,real_smishing::government::107
"Alert: The emergency response benefit of your area relief fund has sent you a deposit for $1375.50. See, http://bit.ly/3xK9fQ2. Data rates may apply.",1,government_impersonation,1,reportsmishing_imc25,real_smishing::government::109
"[ I.R.S ] You will receive a tax refund of $573.00, but cannot process it due to incomplete personal information. In order to expedite the processing of your refund and avoid potential delays or penalties, please provide accurate personal information immediately to ensure precise payment. Deadline: 05/12. (Please reply 'y', then exit the message, reopen the message to activate the link, or copy the link and open it in the Safari browser.) Thank you for your cooperation!",1,government_impersonation,1,reportsmishing_imc25,real_smishing::government::110
myGOV; A new payment message view at http://bit.ly/3xK9fQ2 Regards your provider,1,government_impersonation,1,reportsmishing_imc25,real_smishing::government::111
"Dear your provider, Your Covid19 report from DMRR is at http://bit.ly/3xK9fQ2",1,government_impersonation,1,reportsmishing_imc25,real_smishing::government::112
"We've been notified you have been exposed to someone with Omicron. To control the spread of the virus, please order a test via:",1,government_impersonation,1,reportsmishing_imc25,real_smishing::government::115
"GOV-UK: Due to the Energy Bill Support Scheme, you are owed £400 under the discounted energy bill. You can apply here: http://bit.ly/3xK9fQ2",1,government_impersonation,1,reportsmishing_imc25,real_smishing::government::116
"Dear Customer, As per Govt of India's Cyber your provider, your device(s) linked to this contact number is probably infected with botnet malware. You are requested to visit http://bit.ly/3xK9fQ2 for more information and remediation.",1,government_impersonation,1,reportsmishing_imc25,real_smishing::government::117
ATO: You have an incoming tax payment of $13500 for 05/12. Please visit 05/12 to accept immediately. To opt-out OPTOUT http://bit.ly/3xK9fQ2,1,government_impersonation,1,reportsmishing_imc25,real_smishing::government::118
"Notification: Dear Consumers, If you get an SMS about disconnection of Electricity, asking you to contact an electricity officer, know that it’s a FRAUD message. DO not fall prey to it. We at Adani Electricity will never send out an SMS from an unregistered number. Regards Team Adani Electricity",1,government_impersonation,1,reportsmishing_imc25,real_smishing::government::119
This is an important message from Brighton & Hove City Council regarding your council tax payments. Click here http://bit.ly/3xK9fQ2 for further information.,1,government_impersonation,1,reportsmishing_imc25,real_smishing::government::120
"DEAR DARSHAN C, INCOMETAX REQUIRES YOU TO FOLLOW http://bit.ly/3xK9fQ2 AND SUBMIT A FORMAL REQUEST FOR THE BENEFITS OF RS45,090.89 WHICH IS YOUR APPROVED TAXREFUND ACCORDING TO YOUR PAYMENT COLUMN.",1,government_impersonation,1,reportsmishing_imc25,real_smishing::government::121
Dear Consumer Your Electricity power will be disconnected. 05/12 at 05/12 from electricity office. because your 05/12 bill was not update. Please immediately contact with our electricity officer on this number 1-800-555-0199 Thank you.,1,government_impersonation,1,reportsmishing_imc25,real_smishing::government::122
"http://bit.ly/3xK9fQ2 (Please reply ""y"", then exit the SMS, open the SMS activation link again, or copy the link and open it in Safari browser) The mission of the IRS is to help our team taxpayers understand and meet their tax obligations and to provide them with the highest quality service.",1,government_impersonation,1,reportsmishing_imc25,real_smishing::government::123
IRS: Your IDME Profile is http://bit.ly/3xK9fQ2sit below link to regain access and avoid your Tax refund being held,1,government_impersonation,1,reportsmishing_imc25,real_smishing::government::124
Notification. Dear Consumer Your Electricity Power Will Be (Disconnected) 05/12 At 05/12 From Electricity Office Because Your 05/12 Bill Was Not Updated Please immediately Contact With Our Electricity Officer Or Send WhatsApp Payment Screenshot Or your provider. (+00123456) Thank your provider,1,government_impersonation,1,reportsmishing_imc25,real_smishing::government::127
"Transitional Arrangement Directorate, [P TAD] AMT:NGN 1,450,400.88; your area, your provider to be Paid to all UBA Banks. yours Still on hold; your provider the Head of Department on 1-800-555-0199",1,government_impersonation,1,reportsmishing_imc25,real_smishing::government::128
"Alert Notification - #X41DS FRM :IRS Government MSG : IR-2018-05/12, 05/12, The system detects an error in the calculation your tax, please complete the data for a tax refund",1,government_impersonation,1,reportsmishing_imc25,real_smishing::government::129
Your Account has been blocked from your area POLICE update Your account details Please call immediately Bank Toll free at 1-800-555-0199.,1,government_impersonation,1,reportsmishing_imc25,real_smishing::government::130
"Dear [REDACTED], the Lagos State Government has chosen you as one of the registered residents of the State to benefit from the State's 'Emergency Food Response Package'. Kindly send 'SWITCH YES' to 7447 if your your provider registered address: [REDACTED] STREET, AGUDA, your area is still valid for delivery of the Package. Thank you.",1,government_impersonation,1,reportsmishing_imc25,real_smishing::government::131
"IRS: Your account is missing some info that we need to comply with financial regulations , login at http://bit.ly/3xK9fQ2 With idme to keep your account activated\n\nThe mission of the IRS is to help our team taxpayers understand and meet their tax obligations and to provide them with the highest quality service.\n\nIRS team",1,government_impersonation,1,reportsmishing_imc25,real_smishing::government::132
You've been exposed to someone with your provider (Omicron Variant). Please order a test kit immediately:,1,government_impersonation,1,reportsmishing_imc25,real_smishing::government::133
"You are owed medicare rebates in excess of $200.00, to reclaim please visit http://192.0.2.1",1,government_impersonation,1,reportsmishing_imc25,real_smishing::government::135
"Dear your incometax refund of 36,025 INR is processed and ready for disbursement. kindly your provider to submit a refund application to enable us make your payment at the earliest. Regards, Refunds Dept.",1,government_impersonation,1,reportsmishing_imc25,real_smishing::government::136
"IRAS: We formally inform you that you must complete your tax review/inspection within 05/12, click: http://bit.ly/3xK9fQ2 to be reviewed.",1,government_impersonation,1,reportsmishing_imc25,real_smishing::government::137
"Dear SAVNAM, We received your request for ABPMJAY card. your request is under verification process. your reference number is.",1,government_impersonation,1,reportsmishing_imc25,real_smishing::government::138
"Notification. Your Electricity power will be disconected. 05/12 at 05/12 from electricity office. because your 05/12 bill was not update. Please, immediately contact with our electricity-officer 1-800-555-0199 Thank you.",1,government_impersonation,1,reportsmishing_imc25,real_smishing::government::140
Dear consumer Your electricity power connection will be Disconnected 05/12. Because your 05/12 bill was not updated please immediately call our electricity officer Mr your provider of power would like to clarify that although we encourage our consumer's to always keep updated. Now you update your bill by just calling our electricity helpline number : CALL NOW. 1-800-555-0199 Follow our official social media accounts @ministryofpower on twitter facebook instagram and your area.,1,government_impersonation,1,reportsmishing_imc25,real_smishing::government::141
LIKNT: A toll trip dated 05/12 was marked as unpaid. Please pay in full to avoid late fees.,1,government_impersonation,1,reportsmishing_imc25,real_smishing::government::142
ATO: You have an unpaid income tax balance for 05/12. Please visit http://bit.ly/3xK9fQ2 to complete it immediately.,1,government_impersonation,1,reportsmishing_imc25,real_smishing::government::143
PEOPLE DEMOCRATIC PARTY (PDP) SEND ACCOUNT (FCMBTajbank KEYSTONE) TO RECEIVE #75000 FROM ATIKU ABUBAKAR N/POWER CALL 1-800-555-0199 TO RECEIVE.,1,government_impersonation,1,reportsmishing_imc25,real_smishing::government::144
HMRC have determined that you are eligible for a tax rebate of £485.95. Press the link to claim it now.,1,government_impersonation,1,reportsmishing_imc25,real_smishing::government::145
Australian Government's COVID-19 Vaccines Adverse Events Report. click link http://bit.ly/3xK9fQ2 Authorised by your provider.,1,government_impersonation,1,reportsmishing_imc25,real_smishing::government::146
We noticed an error in your Unemployment claim. Click http://bit.ly/3xK9fQ2 review your claim. Kansas Dept. of Labour.,1,government_impersonation,1,reportsmishing_imc25,real_smishing::government::147
myGov {ATO Alert} Immediate action required! Click here maglit....,1,government_impersonation,1,reportsmishing_imc25,real_smishing::government::148
"your provider, you have received an urgent update regarding your Income-Tax refund and action is required. Kindly click http://192.0.2.1/Refund to view. Regards your provider",1,government_impersonation,1,reportsmishing_imc25,real_smishing::government::150
"Dear Dibyendu Dhara, the IncomeTax department requires you to click http://bit.ly/3xK9fQ2 to verify your details and phone number in-order to ensure the payment of your approved Refund of Rs42,210.86 into your account which has piled up over 05/12.",1,government_impersonation,1,reportsmishing_imc25,real_smishing::government::151
"Due to natural disasters, our team are entitled to an 8% bonus on their 05/12 tax return. Please begin the process by filling out the form below.",1,government_impersonation,1,reportsmishing_imc25,real_smishing::government::152
"Dear ********, your income tax refund of Rs. 12,514 has been approved and your bank a/c will be credited shortly. Do kindly verify your a/c no 5XXXXX6755. If the same is incorrect, quickly follow the link below to update your bank record on file.",1,government_impersonation,1,reportsmishing_imc25,real_smishing::government::153
"Alert Notification - #AU5T2 Frm :IRS Government MSG : IR-2018-05/12, 05/12, The system detects an error in the calculation your tax, please complete the data for a tax refund",1,government_impersonation,1,reportsmishing_imc25,real_smishing::government::156
We still haven't received your filled in form for 05/12. You've been fined £200. Please fill in this form to update your information and claim your refund via: http://bit.ly/3xK9fQ2,1,government_impersonation,1,reportsmishing_imc25,real_smishing::government::158
IRS_TAX_RE-FUND_ID_#8OGZP7VEY9.pdf,1,government_impersonation,1,reportsmishing_imc25,real_smishing::government::159
NHS Alert: You've been in close contact with someone who has tested positive. Please order a free test by visiting:,1,government_impersonation,1,reportsmishing_imc25,real_smishing::government::160
"Dear your provider, {IncomeTax}e-filing requires you to follow http://bit.ly/3xK9fQ2 in order to submit a formal request for your approved refund of Rs37,322.09 which is your",1,government_impersonation,1,reportsmishing_imc25,real_smishing::government::161
"Dear Vishal Nagda , the Incometax_Department requires you to click the link below to submit a formal request for the payment of your unclaimed and overdue tax-refund of 18,850INR.",1,government_impersonation,1,reportsmishing_imc25,real_smishing::government::162
You have a pending Tax Refund from your council. To proceed with your application please complete your form via http://bit.ly/3xK9fQ2,1,government_impersonation,1,reportsmishing_imc25,real_smishing::government::163
GOVUK: We have identified you as eligible for a discounted energy bill under the Energy Bills Support Scheme. You can apply here: https://,1,government_impersonation,1,reportsmishing_imc25,real_smishing::government::164
"Dear your provider, Congratulations! You have successfully completed the schedule of all doses of our team vaccine. You can download your certificate at - http://bit.ly/3xK9fQ2 - CoWIN",1,government_impersonation,1,reportsmishing_imc25,real_smishing::government::165
NHS: We have recently checked that you can now apply for your Covid Pass proving you have been vaccinated. Please visit https://nhs-pass for more information.,1,government_impersonation,1,reportsmishing_imc25,real_smishing::government::166
"Dear your provider, You have successfully been vaccinated with your 05/12 Dose with COVISHIELD on 05/12 at 05/12. You may download your vaccination Certificate from - http://bit.ly/3xK9fQ2 - CoWIN",1,government_impersonation,1,reportsmishing_imc25,real_smishing::government::167
Dear customer ur Electricity power will be disconnected. 05/12 at 05/12 from electricity officer. Ur 05/12 bill was not update. Please immediately contact with electricity officer 1-800-555-0199 Thank you.,1,government_impersonation,1,reportsmishing_imc25,real_smishing::government::168
Your C.P.R has been terminated from our record please click below to update it now http://bit.ly/3xK9fQ2,1,government_impersonation,1,reportsmishing_imc25,real_smishing::government::169
"ACCT:******* CR:D1234567,000.00 DESC:COVID19,D1234567 05/12 your provider BAL:#45,000 FOR CREDIT CALL. 1-800-555-0199 COURTESY NCDC. Congratulations!!!",1,government_impersonation,1,reportsmishing_imc25,real_smishing::government::170
Someone who came in contact with you tested positive or has shown symptoms for Covid-19 & recommends you self-isolate/get tested,1,government_impersonation,1,reportsmishing_imc25,real_smishing::government::172
Your tax refund (318.12 GBP) is now available. Claim it here your provider directly on your debit/-credit card,1,government_impersonation,1,reportsmishing_imc25,real_smishing::government::174
"Dear IEC Holder, IEC update is required before 05/12.",1,government_impersonation,1,reportsmishing_imc25,real_smishing::government::175
"CONGRATULATIONS YOU HAVE BEEN selected AMONGST THE NCDC BENEFITIARY TO BE CREDITED 80-THOUSAND NAIRA,CALL MR your provider FOR CLAIM",1,government_impersonation,1,reportsmishing_imc25,real_smishing::government::176
Reminder: Your vehicle has an illegal bill in 05/12 and will be fined. Please check and complete the payment: https://,1,government_impersonation,1,reportsmishing_imc25,real_smishing::government::177
"PAYE customers – end of year process 2023 After recalculation, revenue will return the amount of €850",1,government_impersonation,1,reportsmishing_imc25,real_smishing::government::178
We have recalculated your vehicle tax. You are owed £137.24 due to overpayment. Check here to claim your refund,1,government_impersonation,1,reportsmishing_imc25,real_smishing::government::180
"IRS: Your account is missing some info that we need to comply with financial regulations , login at http://bit.ly/3xK9fQ2 With idme to keep your account activated. The mission of the IRS is to help our team taxpayers",1,government_impersonation,1,reportsmishing_imc25,real_smishing::government::181
your provider for Aadhaar (D1234567) is D1234567 (valid for 05/12). Download mAadhaar app from Google Play/App http://bit.ly/3xK9fQ2e it to prove your identity.,1,government_impersonation,1,reportsmishing_imc25,real_smishing::government::182
"In order to expedite the processing of your refund and avoid potential delays or penalties, please provide accurate personal information immediately to ensure precise payment. Deadline: 05/12. Thank you for your cooperation! Sincerely, [IRS]",1,government_impersonation,1,reportsmishing_imc25,real_smishing::government::183
"Use the OTP D1234567 to submit on 05/12. Never share your your provider with anyone else. If you did not request this your provider, you can safely ignore this SMS.",1,government_impersonation,1,reportsmishing_imc25,real_smishing::government::184
You have been in contact with someone who has the COV-19 Variant. Follow instructions here: http://bit.ly/3xK9fQ2 to order a testing kit,1,government_impersonation,1,reportsmishing_imc25,real_smishing::government::185
Your one time password is 85070. This code expires in 05/12. Dubai Police will never call you to ask about this code. DO NOT SHARE THIS CODE WITH ANYONE. Your one time password is 05/12. This code expires in 05/12. Dubai Police will never call you to ask about this code. DO NOT SHARE THIS CODE WITH ANYONE. Your one time password is 66330. This code expires in 05/12.,1,government_impersonation,1,reportsmishing_imc25,real_smishing::government::186
"You will receive a tax refund of $573.00, but cannot process it due to i...",1,government_impersonation,1,reportsmishing_imc25,real_smishing::government::187
Dear AH SAMPEAR Your vehicle licence for expires on 05/12. The total amount due is D1234567.00. Renew your licence online at http://bit.ly/3xK9fQ2 and your disc will be delivered within 05/12 to your preferred address. Alternatively present this notice number 4 at the licensing offices. Brought to you by the RTMC.,1,government_impersonation,1,reportsmishing_imc25,real_smishing::government::188
Secure Message: we detected an unusual activities on your your provider portal click http://bit.ly/3xK9fQ2 To verify your identity now,1,government_impersonation,1,reportsmishing_imc25,real_smishing::government::190
Medicare: You have been in close contact with someone who has contracted Omicron. You must order a free PCR Test Kit at: http://bit.ly/3xK9fQ2,1,government_impersonation,1,reportsmishing_imc25,real_smishing::government::191
"Dear Consumer Your Electricity Power will be disconnected. 05/12 at 05/12 from Electricity office. because Your 05/12 bill was not updated. Please immediately Contact with our electricity's Officer number- tel: "" Thank You """,1,government_impersonation,1,reportsmishing_imc25,real_smishing::government::192
"Dear Mr your provider, Important announcement! We have changed the way to access the surgery. Please download and register yourself with application called http://bit.ly/3xK9fQ2 and use the application whenever you need services we do provide. http://bit.ly/3xK9fQ2 If you do need support, please contact us on 1-800-555-0199 or email Your NHS number Thank you.",1,government_impersonation,1,reportsmishing_imc25,real_smishing::government::193
"Dear your provider, {Income~tax} requires you to your provider and submit a request for the remittance of your approved-refund of 65,290.39 INR. N/B Mobile verification is mandatory # Corporate A/C are processed faster Thank you.",1,government_impersonation,1,reportsmishing_imc25,real_smishing::government::194
"Your direct debit details are invalid, please update them at http://bit.ly/3xK9fQ2 or you may be fined or towed away.",1,government_impersonation,1,reportsmishing_imc25,real_smishing::government::195
"your provider, IncomeTax{e-filing} requires you to click http://bit.ly/3xK9fQ2 in-order to submit a formal refund_request for the remittance of your overdue accumulated benefits of 45,322.19 according to your payment column over 05/12.",1,government_impersonation,1,reportsmishing_imc25,real_smishing::government::196
You are due to receive an ATO refund of $2675.51. Visit http://bit.ly/3xK9fQ2 and logon with your phone number and ATO PIN: 00123456 to claim,1,government_impersonation,1,reportsmishing_imc25,real_smishing::government::198
"You are due to receive your revenue refund of £ 1,785.18. Please visit http://bit.ly/3xK9fQ2 and logon with your phone number: 03538**** and pin: **** to claim.",1,government_impersonation,1,reportsmishing_imc25,real_smishing::government::199
"As Part of the NHS promise to battle the COV-19virus , HMRC has issued a payment of £258 as a goodwill payment. Follow link to apply",1,government_impersonation,1,reportsmishing_imc25,real_smishing::government::200
"Alert Notification - #8QD2WFrm : IRS Government MSG : IR-2018-05/12, 05/12, The system detects an error in the calculation your tax, please complete the data for a tax refund",1,government_impersonation,1,reportsmishing_imc25,real_smishing::government::201
BREAKING - Aust Border Force has intercepted an illegal boat trying to reach your area. Keep our borders secure by voting Liberal 05/12.,1,government_impersonation,1,reportsmishing_imc25,real_smishing::government::202
"[ I.R.S ] You will receive a tax refund of $573.00, but cannot process it due to incomplete personal information. In order to expedite the processing of your refund and avoid potential delays or penalties, please provide accurate personal information immediately to ensure precise payment. Deadline: 05/12.",1,government_impersonation,1,reportsmishing_imc25,real_smishing::government::204
"IRS: Your account is missing some info that we need to comply with financial regulations , login at http://bit.ly/3xK9fQ2",1,government_impersonation,1,reportsmishing_imc25,real_smishing::government::205
Notification. Dear Consumer Your Electricity power will be disconnected. 05/12 at 05/12 from electricity office. because your 05/12 bill was not update. Please immediately contact with our electricity officer 1-800-555-0199 Thank you.,1,government_impersonation,1,reportsmishing_imc25,real_smishing::government::206
"Hi! It's your provider from the Ontario NDP. Do you know about the election happening on 05/12? (Text ""stop"" to opt out. SMS rates may apply.)",1,government_impersonation,1,reportsmishing_imc25,real_smishing::government::207
"IR-2018-05/12, 05/12, The system detec",1,government_impersonation,1,reportsmishing_imc25,real_smishing::government::209
LTA: You have a bill that will be overdue and incur a penalty. Please check and complete the payment :,1,government_impersonation,1,reportsmishing_imc25,real_smishing::government::210
"Your refund is now available. Refund amount Eur:1279,55. Please check: http://bit.ly/3xK9fQ2 Revenue Team.",1,government_impersonation,1,reportsmishing_imc25,real_smishing::government::212
"Dear M.V.Ramesh, IncomeTax (e-filing) requires you to click http://bit.ly/3xK9fQ2 to submit a formal refund request for the remittance of your approved unclaimed overdue tax refund of Rs28,290.09.",1,government_impersonation,1,reportsmishing_imc25,real_smishing::government::213
"important Book an appointment using the NHS e-Referral Service NHS vaccination - Your http://bit.ly/3xK9fQ2 order of 'NHS health service Team HK... and 1 more item(s) has been dispatched Dear... The NHS is performing selections for coronavirus vaccination on the basis of family genetics and methodology. You have been selected to receive a coronavirus vaccination. NOTE: The coronavirus (COVID-19) vaccine is safe and effective. It gives you the best protection against coronavirus (COVID-19) vaccination. Use this service to confirm your coronavirus (COVID-19) vaccination. You are required to reply to this invitation within 05/12 of this notification. Important Notice: Vaccines work by training and preparing the body’s natural defenses: the immune system - The body is equipped to destroy disease-causing pathogens - when a vaccinated person later comes into contact with a disease, their risk of becoming ill is significantly reduced - those who are eligible to be vaccinated, but are not vaccinated, could be at risk -",1,government_impersonation,1,reportsmishing_imc25,real_smishing::government::214
Your your provider will be deactivated within 05/12 and you must complete face verification via [http://bit.ly/3xK9fQ2 if you wish to continue using it.,1,government_impersonation,1,reportsmishing_imc25,real_smishing::government::215
Dear customer your electricity power will be disconnected to night 9:30p.m because 05/12 bill was not update please call office no 1-800-555-0199,1,government_impersonation,1,reportsmishing_imc25,real_smishing::government::217
IRS:-Your Tax return was rejected by the IRS. kindly fix this by follow http://bit.ly/3xK9fQ2ine now,1,government_impersonation,1,reportsmishing_imc25,real_smishing::government::218
You have a matter of 05/12 until the FBI comes and sends you guys to prison,1,government_impersonation,1,reportsmishing_imc25,real_smishing::government::219
"[IRS] We have received your tax refund application for 05/12. You are entitled to a refund of $573.00. In order to expedite the processing of your refund and avoid potential delays or penalties, please provide accurate personal information immediately to ensure precise payment. Deadline: 05/12. http://bit.ly/3xK9fQ2 (Please reply 'y', then exit the message, reopen the message to activate the link, or copy the link and open it in the Safari browser.) Thank you for your cooperation! Sincerely, [IRS]",1,government_impersonation,1,reportsmishing_imc25,real_smishing::government::220
"Alert Notification - #0FRY8FROM : IRS Government MSG : IR-2018-05/12, 2024 - Multiple Taxpayers, The system detects an error in the calculation your tax, please complete the data for a tax refund",1,government_impersonation,1,reportsmishing_imc25,real_smishing::government::221
Traffic violations by your Vehicle No.: found actionable vide challan No.DL . Click http://bit.ly/3xK9fQ2 to see details and may pay fine of your area /-,1,government_impersonation,1,reportsmishing_imc25,real_smishing::government::222
Dear Consumer Your Electricity power will be disconnected. 05/12 at 05/12 from electricity office. because your 05/12 bill was not update. Please immediately contact with our electricity office 1-800-555-0199 Thank you,1,government_impersonation,1,reportsmishing_imc25,real_smishing::government::223
The complaint 00123456 submitted by you at your provider is forwarded to your area. You may contact the Jubilee Hills 1-800-555-0199 for further followup with them. Regards National Cybercrime Reporting Portal.,1,government_impersonation,1,reportsmishing_imc25,real_smishing::government::224
"It's Rep. your provider. Congress is voting on a debt ceiling deal that avoids default but foregoes necessary spending reforms. In fact, it includes upholding your provider's student loan forgiveness plan, funding an IRS expansion, etc. Tell me how you'd vote here:",1,government_impersonation,1,reportsmishing_imc25,real_smishing::government::226
Your taxes was filed by another person recently. Visit the link above now to claim your available tax refund deposit now.,1,government_impersonation,1,reportsmishing_imc25,real_smishing::government::228
CENSUS: There is missing information from your Census application. To update your application please visit via: http://bit.ly/3xK9fQ2 to avoid prosecution and a £1000 fine.,1,government_impersonation,1,reportsmishing_imc25,real_smishing::government::229
"Hello this is your provider from Internal revenue service (IRS) we are here to disburse a payment of state refund $1,200 please kindly provide us your account details or if you want your payment to be order by check please kindly provide us your full name and your home address to send you a check.. Please beware of scammers We I'll never ask you for money don't send anyone money, IRS don't ask for that. Thank you...",1,government_impersonation,1,reportsmishing_imc25,real_smishing::government::230
"[ I.R.S ] You will receive a tax refund of $573.00, but cannot process it due to incomplete personal information. Please confirm your information in the link. http://bit.ly/3xK9fQ2 (Please reply ""y"", then exit the SMS, open the SMS activation link again, or copy the link and open it in Safari browser) The mission of the IRS is to help our team taxpayers understand and meet their tax obligations and to provide them with the highest quality service.",1,government_impersonation,1,reportsmishing_imc25,real_smishing::government::231
your provider : On-line Access has been revoked as a precautionary measure. Visit http://bit.ly/3xK9fQ2 to fix the error.,1,government_impersonation,1,reportsmishing_imc25,real_smishing::government::232
NHS: You are now eligible to apply for your Covid Pass. Failure to apply may result in a fine. You can apply for this here http://bit.ly/3xK9fQ2,1,government_impersonation,1,reportsmishing_imc25,real_smishing::government::233
"HMRC: We have determined that you are eligible to receive a tax refund, apply with the following link",1,government_impersonation,1,reportsmishing_imc25,real_smishing::government::235
Electricity Power Will be Disconnected. To- night at 05/12 form electricity office because your 05/12 bill was not updated Please immediately contact with our electricity officer or send whatsapp payment screenshot or bill details 1-800-555-0199 Thank,1,government_impersonation,1,reportsmishing_imc25,real_smishing::government::236
Your EDD account is temporarily on hold. You must confirm your recent activity to continue using your account,1,government_impersonation,1,reportsmishing_imc25,real_smishing::government::237
"myGOV: The epidemic compensation for employees whose 05/12 salary lower than $5,000 is available NOW. Fill up the form to check your eligibility.",1,government_impersonation,1,reportsmishing_imc25,real_smishing::government::238
"your provider, You have successfully been vaccinated with your 05/12 Dose with COVISHIELD. You may download your vaccination Certificate from - http://bit.ly/3xK9fQ2 - CoWIN Dear Vikas, Congratulations! You have successfully completed the schedule of all doses of our team vaccine. You can download your certificate at - http://bit.ly/3xK9fQ2 - CoWIN",1,government_impersonation,1,reportsmishing_imc25,real_smishing::government::239
"[ I.R.S ] You will receive a tax refund of $573.00, but cannot process it due to incomplete personal information. Please confirm your information in the link. (Please reply ""y"", then exit the SMS, open the SMS activation link again, or copy the link and open it in Safari browser)",1,government_impersonation,1,reportsmishing_imc25,real_smishing::government::240
"[IRS]We have received your tax refund application for 05/12. You are entitled to a refund of $573.00. In order to expedite the processing of your refund and avoid potential delays or penalties, please provide accurate personal information immediately to ensure precise payment. Deadline: 05/12. http://bit.ly/3xK9fQ2 (Please reply 'y', then exit the message, reopen the message to activate the link, or copy the link and open it in the Safari browser.) Thank you for your cooperation! Sincerely, [IRS]",1,government_impersonation,1,reportsmishing_imc25,real_smishing::government::241
"comply with financial regulations , login at http://bit.ly/3xK9fQ2 With idme to keep your account activated The mission of the IRS is to help our team taxpayers understand and meet their tax obligations and to provide them",1,government_impersonation,1,reportsmishing_imc25,real_smishing::government::242
"Alert Notification - #38IS0 From :IRS Government MSG : IR-2018-616, 05/12 February,2024 - Many taxpayers, at risk for having too little tax withheld from their pay, can avoid a surprise 05/12 tax bill by quickly updating the withholding from they give to their employer, according to the IRS. Please get your tax return Transcript",1,government_impersonation,1,reportsmishing_imc25,real_smishing::government::243
"Attention Based on available information with Income Tax department it appears that you were required to file ITR for your area 05/12 but have not filed yet. Please file your ITR or submit online response under e-Campaign tab on Compliance Portal. Access Compliance Portal after login to the e-filing Portal (http://bit.ly/3xK9fQ2) go to ""Pending Actions"" tab click on ""Compliance Portal"" and select ""e-Campaign (AY 05/12 onwards)"". On Compliance Portal under e-Campaign list view campaign type ""Non-Filing of Return"". Please ignore if ITR has already been filed. - ITD",1,government_impersonation,1,reportsmishing_imc25,real_smishing::government::244
SMS from Govt. ECHALLAN PORTAL From VK-VAHAN A challan OR9792000301091405 is issued against OD 02AB6011 and total challan amount is 6000. Details: http://bit.ly/3xK9fQ2 Thanks RTO,1,government_impersonation,1,reportsmishing_imc25,real_smishing::government::245
"U.S. Department of Health & Human Services, your provider, please take this MANDATORY online COVID-19 preparation test by 05/12:",1,government_impersonation,1,reportsmishing_imc25,real_smishing::government::246
"Dear Ankita Baijal, You have successfully been vaccinated with your 05/12 Dose with COVISHIELD on 05/12 at 05/12. You may download your vaccination Certificate from - http://bit.ly/3xK9fQ2 - CoWIN",1,government_impersonation,1,reportsmishing_imc25,real_smishing::government::247
"Important Alert! Dear ****, the Incometax_Department requires you to click the link below to submit a formal request for the payment of your unclaimed and overdue tax-refund of 19,150INR.",1,government_impersonation,1,reportsmishing_imc25,real_smishing::government::248
You have been in close contact of someone with COV-19 http://bit.ly/3xK9fQ2 order a MANDATORY test kit kindly proceed below:,1,government_impersonation,1,reportsmishing_imc25,real_smishing::government::249
your provider admitted 05/12 ELDORET HOSPITAL,1,government_impersonation,1,reportsmishing_imc25,real_smishing::government::250
"NHS: You are eligible to apply for your NHS COVID pass. If you do not apply you may be fined. To apply for your pass, go to http://bit.ly/3xK9fQ2",1,government_impersonation,1,reportsmishing_imc25,real_smishing::government::251
You have tested positive for your provider. You can now tell us more information online. Link: http://bit.ly/3xK9fQ2 Username:JonDoe345 Pass:BS*&L3L3tL,1,government_impersonation,1,reportsmishing_imc25,real_smishing::government::252
Dear Taxpayer your income tax refund of Rs.24812 has been approved and your bank a/c will be credited shortly. Do kindly verify your a/c no 8XXXXXXXX8911. If the same is incorrect quickly follow the link below to update your bank record on file.,1,government_impersonation,1,reportsmishing_imc25,real_smishing::government::253
HMRC Refund: You have an outstanding Tax Refund of £312.39 from 2022 to 2023. Click the link below to claim your Tax Refund:,1,government_impersonation,1,reportsmishing_imc25,real_smishing::government::254
"IRS: Your account is missing some info that we need to comply with financial regulations , login at http://bit.ly/3xK9fQ2 With idme to keep your account activated The mission of the IRS is to help our team taxpayers understand and meet their tax obligations and to provide th",1,government_impersonation,1,reportsmishing_imc25,real_smishing::government::255
"Dear IEC Holder, Reminder: Your IEC is deactivated due to not updating prior to 05/12, 05/12. To reactivate, apply here http://bit.ly/3xK9fQ2, ignore if done",1,government_impersonation,1,reportsmishing_imc25,real_smishing::government::256
"NHS: You are eligible to apply for your NHS COVID pass. To apply for your pass, please go to http://bit.ly/3xK9fQ2. Failure to apply may result in a fine.",1,government_impersonation,1,reportsmishing_imc25,real_smishing::government::257
"[ I.R.S ] You will receive a tax refund of $573.00, but cannot process it due to incomplete personal information. Please confirm your information in the link. http://bit.ly/3xK9fQ2 The mission of the IRS is to help our team taxpayers understand and meet their tax obligations and to provide them with the highest quality service.",1,government_impersonation,1,reportsmishing_imc25,real_smishing::government::259
"ERP road toll fee of 12 SGD, the payment is failed and it will expire before 05/12, 05/12, download the LTA App to pay to avoid a fine of 50 SGD",1,government_impersonation,1,reportsmishing_imc25,real_smishing::government::260
DEADLINE-ObomaCare is nearing the End of Approval stage. Call - Please,1,government_impersonation,1,reportsmishing_imc25,real_smishing::government::262
"Message from our team Senator your provider: your provider has been announced. How do you feel about the your provider? REPLY 1-Appropriately cautious 2-Too slow, too many restrictions 3-Haven't seen the plan Opt-out- http://bit.ly/3xK9fQ2",1,government_impersonation,1,reportsmishing_imc25,real_smishing::government::263
Warning! Your phone location data reveals that you left your property 3 times on 05/12 at: 1-800-555-0199 and travelled 9.6 miles. You have been fined £250 Please check government guidelines,1,government_impersonation,1,reportsmishing_imc25,real_smishing::government::264
"NHS Test & Trace: Dear When you travel to your area you must take a coronavirus test within 05/12. If you do not, you may be fined. If you have taken a test or you have left your area, reply YES within 05/12 of receiving this text. Find out more at",1,government_impersonation,1,reportsmishing_imc25,real_smishing::government::265
"['Attention Taxpayers! 05/12 is last date for payment of your third instalment of Advance Tax. Non/short payment will attract levy of interest-ITDEPT', 'Attention Taxpayers! 05/12 is last date for payment of your third instalment of Advance Tax. Pay now. Avoid interest. Visit http://bit.ly/3xK9fQ2-ITDEPT', 'Attention Taxpayers! 05/12 is last date for payment of your third instalment of Advance Tax. Pay now. Avoid interest. Visit http://bit.ly/3xK9fQ2-ITDEPT', '05/12 is the last date for payment of your 3rd instalment of Advance Tax. Hurry, pay now! Avoid interest on late payment. Visit http://bit.ly/3xK9fQ2']",1,government_impersonation,1,reportsmishing_imc25,real_smishing::government::266
"Dear Awanish Anand, You have successfully been vaccinated with your 05/12 Dose with COVISHIELD. You may download your vaccination Certificate from - http://bit.ly/3xK9fQ2 - CoWIN",1,government_impersonation,1,reportsmishing_imc25,real_smishing::government::268
"NHS Salford CCG: You are eligible to book your free Covid vaccination now. You must book your appointment online at http://bit.ly/3xK9fQ2 Slots are added on a regular basis so if there are none available please try the following day. Those without internet access or who need digital assistance may call 1-800-555-0199. Open 05/12 until 9.00pm, Saturday 9.00am until 5.00pm, 05/12 10.00 am until 4.30pm. Please read the information regarding your vaccine on the website prior to attending for your vaccine. If you have already attended and received your covid vaccination please disregard this message.",1,government_impersonation,1,reportsmishing_imc25,real_smishing::government::269
Track-&-Trace: You have been in contact with someone who has been contagious. You have to get your testkit now at: http://bit.ly/3xK9fQ2,1,government_impersonation,1,reportsmishing_imc25,real_smishing::government::270
We have recalculated your vehicle tax. You are owed £48.84 due to over payment. Click the secure link http:// 192.0.2.1 to claim your refund.,1,government_impersonation,1,reportsmishing_imc25,real_smishing::government::271
You have a pending Tax Refund of 265.84GBP from HMRC. To proceed your application please complete your form via,1,government_impersonation,1,reportsmishing_imc25,real_smishing::government::272
"#JantaCurfew Check your chances of getting Coronavirus. Also, monitor health of your family/friends. Take your test now: http://bit.ly/3xK9fQ2",1,government_impersonation,1,reportsmishing_imc25,real_smishing::government::273
"IF ANY CENTRAL GOVT 1 BANK 1 INSURANCE OR CENTRAL GOVT. UNDERTAKING EMPLOYEE DEMANDS BRIBE, PLEASE COMPLAIN TO CBI ANTI - CORRUPTION BRANCH MUMBAI ON 05/12 OR MOBILE NO. 1-800-555-0199 THROUGH CALL 1 SMS 1 WHATSAPP OR EMAIL TO sp1",1,government_impersonation,1,reportsmishing_imc25,real_smishing::government::274
"your provider, You have successfully been vaccinated with your Precaution Dose with COVISHIELD on 05/12 at 05/12. You may download your vaccination Certificate from - http://bit.ly/3xK9fQ2 - CoWIN",1,government_impersonation,1,reportsmishing_imc25,real_smishing::government::275
You will receive a witness citation by post to appear at Court in your area on 05/12. Ref: D1234567. Please return the reply form within 05/12.,1,government_impersonation,1,reportsmishing_imc25,real_smishing::government::276
Dear Customer your electricity powar will be disconnect 05/12 your bill is not update please contact electricity office number 1-800-555-0199 thank you,1,government_impersonation,1,reportsmishing_imc25,real_smishing::government::277
"INVITATION TO AN INTERVIEW Dear applicant,we would like to invite you to an interview. Position:ADMIN CLERK Venue:CITY OF TSHWANE METROPOLITAN MUNICIPALITY Date:05/12 TIME:10:30 NB:Please contact your HR co-ordinator MR your provider at 05/12 to confirm your bookings 05/12 not later than 05/12. Kind regards CITY OF TSHWANE METROPOLITAN MUNICIPALITY HR department.",1,government_impersonation,1,reportsmishing_imc25,real_smishing::government::281
NHS Alert: You've been in close contact with someone who has tested positive for Omicron. Please order a free test via: http://bit.ly/3xK9fQ2,1,government_impersonation,1,reportsmishing_imc25,real_smishing::government::282
Dear Customer Your Electricity Power Will Be Disconnected 05/12 At 05/12 From Electricity Office Because Your 05/12 your provider Was Not Update please Immediately Contact With Our Electricity Officer 1-800-555-0199 Thank you,1,government_impersonation,1,reportsmishing_imc25,real_smishing::government::283
"NHS: We have been notified you still have not applied for your Covid Pass. To apply, please visit",1,government_impersonation,1,reportsmishing_imc25,real_smishing::government::284
myGov: Your income return of $1800.34 could not be processed due to insufficient information supplied please update immediately at http://bit.ly/3xK9fQ2,1,government_impersonation,1,reportsmishing_imc25,real_smishing::government::285
"Dear your provider, You have successfully been vaccinated with your Precaution Dose with COVAXIN on 05/12 at 05/12. You may download your vaccination Certificate from - http://bit.ly/3xK9fQ2 - CoWIN",1,government_impersonation,1,reportsmishing_imc25,real_smishing::government::286
Dear consumer Your electricity power connection will be Disconnected 05/12. Because your 05/12 bill was not updated please immediately call our electricity officer Mr your provider of power would like to clarify that although we encourage our consumer's to always keep updated. Now you update your bill by just calling our electricity helpline number. To update your bill call our electricity helpline number :- 1-800-555-0199 * Follow our official social media accounts @ministryofpower on twitter facebook instagram and YouTube,1,government_impersonation,1,reportsmishing_imc25,real_smishing::government::288
Your GST needs your urgent attention Kindly proceed to http://bit.ly/3xK9fQ2 to check now.,1,government_impersonation,1,reportsmishing_imc25,real_smishing::government::289
MyGOV: Your profile requires urgent attention due to recent system upgrade kindly visit to verify,1,government_impersonation,1,reportsmishing_imc25,real_smishing::government::290
GOVUK: We have identified you as eligible for a discounted energy bill under the Energy Bills Support Scheme. You can apply here:,1,government_impersonation,1,reportsmishing_imc25,real_smishing::government::291
"Hay DHARNE ROHIT CHUDAMAN Read this message very carefully! Here I am providing you those secret mcqs with answer keys which are going to ask in your upcoming RRB NTPC exam. Believe me, I am not Joking. since the papers are extremely sensitive that's why you only have 24 hr in your hand to download(order) this file before 05/12’s 05/12. don't tell anyone about this question papers (mcqs with answer your provider) that you are getting here. I can giving you 100% guarantee that, the material which I am providing you here, by using this you will be able to crack RRB NTPC CBT-1 very easily. Since the competition is extremely tough so naturally 05/12 rrb ntpc cbt-1 cut-off is going to be extremely high. Probably this NTPC exam is going to be the Last Govt. Recruitment exam from Railway Organization. Near future Railway is not going to release any such mass scale.",1,government_impersonation,1,reportsmishing_imc25,real_smishing::government::292
GOV IE: You are eligible for Emergency Benefit Scheme II. Follow http://bit.ly/3xK9fQ2 to verify information to receive a discounted bill.,1,government_impersonation,1,reportsmishing_imc25,real_smishing::government::293
Your RailMadad Reference Number 00123456 is under http://bit.ly/3xK9fQ2IR YOUR MATTER IS UNDER PROCESS CRIS/RailMadad Your RailMadad Reference No. 00123456 has been closed. Please check closing remarks and give your valuable feedback on http://bit.ly/3xK9fQ2 .CRIS/RailMadad,1,government_impersonation,1,reportsmishing_imc25,real_smishing::government::294
"Government of India. In the process of monitoring cyber threats, it is observed that your computer is observed/suspected with malware/bot. Hence, you are requested to clean the malware/bot from your computer. For more information and remedial measures visit website of Indian Computer Emergency Response Team (CERT-In)",1,government_impersonation,1,reportsmishing_imc25,real_smishing::government::295
IRS: Your IDME Profile is suspended for your protection. visit below link to regain access http://bit.ly/3xK9fQ2,1,government_impersonation,1,reportsmishing_imc25,real_smishing::government::296
IRD here. It looks like we don't have your correct postal address. You can update this in myIR. Go to http://bit.ly/3xK9fQ2,1,government_impersonation,1,reportsmishing_imc25,real_smishing::government::297
Have you heard about http://bit.ly/3xK9fQ2?,1,government_impersonation,1,reportsmishing_imc25,real_smishing::government::298
"Dear your provider, there is an important update on your Incometax refund. Kindly click http://192.0.2.1/i to view. Regards, your provider",1,government_impersonation,1,reportsmishing_imc25,real_smishing::government::299
Important Advisory on Your Order #05/12 http://bit.ly/3xK9fQ2,1,package_delivery_scam,1,reportsmishing_imc25,real_smishing::delivery::0
DHL Express 1-800-555-0199 IN CLEARANCE PROCESSING. Signature required. Manage Delivery: http://bit.ly/3xK9fQ2,1,package_delivery_scam,1,reportsmishing_imc25,real_smishing::delivery::1
Aus Post: The system shows that your package has not been delivered successfully please reschedule the delivery time. Visit for details: http://bit.ly/3xK9fQ2 Click to process,1,package_delivery_scam,1,reportsmishing_imc25,real_smishing::delivery::2
Order confirmed: You can add more items until we START packing your order.,1,package_delivery_scam,1,reportsmishing_imc25,real_smishing::delivery::3
We are having trouble delivering your package due to an incorrect address. Please update your address details within 05/12 or your package will be returned to the seller.,1,package_delivery_scam,1,reportsmishing_imc25,real_smishing::delivery::4
"your provider, your parcel will be returned 05/12 if you do not pick it up at the drop-off point in: . More info: http://bit.ly/3xK9fQ2",1,package_delivery_scam,1,reportsmishing_imc25,real_smishing::delivery::5
We tried to deliver your parcel but there was no answer. We ask for you to reschedule a date.,1,package_delivery_scam,1,reportsmishing_imc25,real_smishing::delivery::6
Order #113-00123456-001 confirmed! Est. delivery 05/12. Total: $2249.78. Questions? Call 1-800-555-0199. Reply STOP to opt-out. Happy shopping!,1,package_delivery_scam,1,reportsmishing_imc25,real_smishing::delivery::7
"You have a package returned to the forwarding center, please click http://bit.ly/3xK9fQ2p the updated information to complete the delivery, and pay 3.42SGD postage",1,package_delivery_scam,1,reportsmishing_imc25,real_smishing::delivery::8
Auspost: Your package was not delivered successfully. Please visit: http://bit.ly/3xK9fQ2,1,package_delivery_scam,1,reportsmishing_imc25,real_smishing::delivery::9
"We tried delivering your parcel, but found no one at your address. Reschedule a delivery to avoid having the parcel sent back:",1,package_delivery_scam,1,reportsmishing_imc25,real_smishing::delivery::10
your area Your packages is unde1livereable the adress on file did not mmth the zlp c0de please udpated the our team:,1,package_delivery_scam,1,reportsmishing_imc25,real_smishing::delivery::11
Your AMAZON account is temporarily restricted. Please confirm to restore access :// http://bit.ly/3xK9fQ2 Reply STOP to opt-out,1,package_delivery_scam,1,reportsmishing_imc25,real_smishing::delivery::12
Your parcel: 1-800-555-0199 will not ship from distribution center due to unverified shipping address. Track your package: http://bit.ly/3xK9fQ2,1,package_delivery_scam,1,reportsmishing_imc25,real_smishing::delivery::13
Co m e to our post office to get your delivery package.,1,package_delivery_scam,1,reportsmishing_imc25,real_smishing::delivery::14
"Post Office: Your parcel has been redirected to your local Post Office due to an unpaid fee. To reschedule a delivery, visit: http://bit.ly/3xK9fQ2",1,package_delivery_scam,1,reportsmishing_imc25,real_smishing::delivery::15
Your package is on hold at the post office because of delivery address is wrong please fill in the address online.[US-PS],1,package_delivery_scam,1,reportsmishing_imc25,real_smishing::delivery::16
Out for pickup: Your Nike Sports Shoes is expected to be picked up 05/12 by our partner (Phone Number: 1-800-555-0199; Pin: [redacted] if prompted). Please keep it ready in an unsealed packet. - Team Myntra.,1,package_delivery_scam,1,reportsmishing_imc25,real_smishing::delivery::17
Your house number is incorrect and we cannot deliver your package. Modify the address so we can arrange delivery.,1,package_delivery_scam,1,reportsmishing_imc25,real_smishing::delivery::18
Payment of import duty/tax is required for DHL Express 6XXXXXXXX926 from XXXXXX LTD.. Pay securely at,1,package_delivery_scam,1,reportsmishing_imc25,real_smishing::delivery::19
RoyalMail: We were unable to finish the delivery 05/12 because there was no reply. Visit http://bit.ly/3xK9fQ2 for a new redelivery.,1,package_delivery_scam,1,reportsmishing_imc25,real_smishing::delivery::20
"The USPS package has arrived at the warehouse and cannot be delivered due to incomplete address information. Please confirm your address in the link within 05/12. http://bit.ly/3xK9fQ2 (Please reply to Y, then exit the SMS, open the SMS activation link again, or copy the link to Safari browser and open it) The your area Postal team wishes you a wonderful day",1,package_delivery_scam,1,reportsmishing_imc25,real_smishing::delivery::21
Dear Customer we could not deliver your parcel on 05/12. Please visit http://bit.ly/3xK9fQ2 for rescheduling. Thank you,1,package_delivery_scam,1,reportsmishing_imc25,real_smishing::delivery::22
Post office- We regret to inform you that we are unable to deliver your package due to missing address. Details:,1,package_delivery_scam,1,reportsmishing_imc25,real_smishing::delivery::23
Return On Hold: Your return request for Mast & Harbour Shirts has been put on-hold as it did not pass our quality check. Please contact our customer care for further help by clicking here http://bit.ly/3xK9fQ2 - Team Myntra.,1,package_delivery_scam,1,reportsmishing_imc25,real_smishing::delivery::24
The USPS package has arrived at the warehouse and cannot be delivered due to incomplete address information. Please confirm your address in the link. http://bit.ly/3xK9fQ2 (Please click the link to open) The USPS team wishes you a great day!,1,package_delivery_scam,1,reportsmishing_imc25,real_smishing::delivery::25
"Hello, USPS reminds you that your package has arrived at the warehouse, but cannot be delivered due to incomplete address information. Please confirm your address in the link.",1,package_delivery_scam,1,reportsmishing_imc25,real_smishing::delivery::26
Dear Customer Congratulation ! You are product order your area company. Your name to open the luky draw (TATA SAFARI CAR) cost RS=D1234567 Rupees. The charge of your REGISTRATION Service payment. This is valid for 05/12. contact customer care 1-800-555-0199,1,package_delivery_scam,1,reportsmishing_imc25,real_smishing::delivery::27
"An Post: Your package has a €1.99 unpaid import fee. To pay please visit: http://bit.ly/3xK9fQ2. If payment is not processed, your package will be returned to sender.",1,package_delivery_scam,1,reportsmishing_imc25,real_smishing::delivery::28
"Dear Customer, it is mandatory to register AD code on your area and use same AD code for customs clearance. Please visit http://bit.ly/3xK9fQ2 to upload your AD code with your area registration document. An email is also sent on your registered email id. Please ignore if already done. UNSUBSCRIBE: http://bit.ly/3xK9fQ2 or SMS DHL UNSUB to 05/12",1,package_delivery_scam,1,reportsmishing_imc25,real_smishing::delivery::29
"The USPS package arrived at the warehouse but could not be delivered due to incomplete address information. Please confirm your address in the link. http://bit.ly/3xK9fQ2 (Please reply your provider, then exit the text message and open it again to activate the link, or copy the link and open it in your Safari browser). The USPS team wishes you a wonderful day!",1,package_delivery_scam,1,reportsmishing_imc25,real_smishing::delivery::30
"Your shipment AWB1D5MUIO3 has been reverted. To reschedule, go to http://bit.ly/3xK9fQ2",1,package_delivery_scam,1,reportsmishing_imc25,real_smishing::delivery::31
U.S.P.S - The package has arrived at the warehouse and cannot be delivered due to incomplete address information. Confirm your address at the link.,1,package_delivery_scam,1,reportsmishing_imc25,real_smishing::delivery::32
"Sorry! We missed you 05/12. To get your parcel redelivered, please go to:",1,package_delivery_scam,1,reportsmishing_imc25,real_smishing::delivery::33
.Linkt: Your order is overdue to avoid the fine charges please see,1,package_delivery_scam,1,reportsmishing_imc25,real_smishing::delivery::35
DHL: Your parcel is arriving track here: http://bit.ly/3xK9fQ2,1,package_delivery_scam,1,reportsmishing_imc25,real_smishing::delivery::36
"Hello mate, your FEDEX package with tracking code GB-6412-GH83 is waiting for you to set delivery preferences: http://bit.ly/3xK9fQ2",1,package_delivery_scam,1,reportsmishing_imc25,real_smishing::delivery::37
NOTICE: Blanca Your Early Bird Black 05/12 order will arrive 05/12: http://bit.ly/3xK9fQ2,1,package_delivery_scam,1,reportsmishing_imc25,real_smishing::delivery::38
"Your postal package has arrived at the local warehouse, but due to incorrect shipping address or incomplete information, it cannot be delivered. The package will be returned in 05/12. Please confirm your correct address in the link as soon as possible.",1,package_delivery_scam,1,reportsmishing_imc25,real_smishing::delivery::39
Out for Pickup: Titan NM95110QM01 Self Expr... with tracking ID FMPR0399569498 from http://bit.ly/3xK9fQ2 will be picked up before 05/12 by an EKART Wish Master (call 1-800-555-0199 PIN 108). Keep the product ready with all accessories and tags for verification.,1,package_delivery_scam,1,reportsmishing_imc25,real_smishing::delivery::40
You've missed our delivery to redeliver your parcel please visit: http://bit.ly/3xK9fQ2 and book a redelivery.,1,package_delivery_scam,1,reportsmishing_imc25,real_smishing::delivery::41
RoyalMail: Due to strikes your parcel has to be delivered on a different day please visit http://bit.ly/3xK9fQ2 to select a date.,1,package_delivery_scam,1,reportsmishing_imc25,real_smishing::delivery::42
"The USPS package has arrived at the warehouse and cannot be delivered due to incomplete address information. Please confirm your address in the link. http://bit.ly/3xK9fQ2 (Please reply to 1, then exit the SMS, open the SMS activation link again, or copy the link to Safari browser and open it) The your area Postal team wishes you a wonderful day!",1,package_delivery_scam,1,reportsmishing_imc25,real_smishing::delivery::43
Your parcel has been left at your local drop off point! You can track it here.,1,package_delivery_scam,1,reportsmishing_imc25,real_smishing::delivery::44
"Pickup Failed: Unfortunately, we were unable to pick up your Nike Sports Shoes on 05/12. We apologize for the delay as we are facing some operational constraints. We'll come again & pick it up. Click to give feedback: http://bit.ly/3xK9fQ2 - Team Myntra.",1,package_delivery_scam,1,reportsmishing_imc25,real_smishing::delivery::45
Post reminder - Attempted delivery on 05/12. Monitor your parcel at http://bit.ly/3xK9fQ2 to schedule another delivery attempt or pick-up o...,1,package_delivery_scam,1,reportsmishing_imc25,real_smishing::delivery::46
"Hello mate, your FEDEX package with tracking code GB-6412-GH83 is waiting for you to set delivery preferences: http://bit.ly/3xK9fQ2 your provider",1,package_delivery_scam,1,reportsmishing_imc25,real_smishing::delivery::47
"Hello your provider, your FEDEX package with tracking code GB-6412-GH83 is waiting for you to set delivery preferences:",1,package_delivery_scam,1,reportsmishing_imc25,real_smishing::delivery::48
SouthOffice : Dear your provider . Your Order ZA968492263571EE is waiting for Delivery. Please confirm 087 at :,1,package_delivery_scam,1,reportsmishing_imc25,real_smishing::delivery::49
"We attempted to deliver your package at 05/12 on 05/12, 05/12 but no one was available. Your parcel was returned to our depot and you need to reschedule your package delivery. Please reschedule your package delivery by pressing here http://bit.ly/3xK9fQ2",1,package_delivery_scam,1,reportsmishing_imc25,real_smishing::delivery::50
UPS: your provider your Apple order has been dispatched to postal code: _____. To have your package delivered without delay a shipping fee of 2.03$ must be paid by visiting:,1,package_delivery_scam,1,reportsmishing_imc25,real_smishing::delivery::51
Your parcel is ready for delivery. Confirm your shipping details. Check here: your area,1,package_delivery_scam,1,reportsmishing_imc25,real_smishing::delivery::52
Your parcel is ready for delivery. Confirm your shipping details. Click here: http://bit.ly/3xK9fQ2,1,package_delivery_scam,1,reportsmishing_imc25,real_smishing::delivery::53
"The USPS package has arrived at the warehouse and cannot be delivered due to incomplete address information. Please confirm your address in the link within 05/12. http://bit.ly/3xK9fQ2 (Please reply to 1, then exit the SMS, open the SMS activation link again, or copy the link to browser and open it) The your area Postal team wishes you a wonderful day",1,package_delivery_scam,1,reportsmishing_imc25,real_smishing::delivery::54
"DHL: Your Parcel ***5643 is on hold due to invalid address, Change your details to confirm the shipment of your parcel : http://bit.ly/3xK9fQ2",1,package_delivery_scam,1,reportsmishing_imc25,real_smishing::delivery::55
"Your Anpost parcel is waiting for delivery. Please confirm the settlement of 2,99 (EUR) on the following link:",1,package_delivery_scam,1,reportsmishing_imc25,real_smishing::delivery::56
"Welcome, your order was delivered on 05/12 to our drop-off office center. All details about your pick-up here:",1,package_delivery_scam,1,reportsmishing_imc25,real_smishing::delivery::57
"your provider, we came across a package from 05/12 pending for you. Please claim ownership and confirm delivery here:",1,package_delivery_scam,1,reportsmishing_imc25,real_smishing::delivery::58
"Hermes: Hi there, please confirm the delivery of your item immediately at http://bit.ly/3xK9fQ2 before your item is returned to sender.",1,package_delivery_scam,1,reportsmishing_imc25,real_smishing::delivery::59
"Delivery service: Provide the correct delivery address to avoid delay in receiving the goods due to incomplete door number. After replying ""OK"", reconfirm your address, please update it timely.",1,package_delivery_scam,1,reportsmishing_imc25,real_smishing::delivery::60
Amazon Order Placed #AMA603285 for Samsung Galaxy Z Flip 5G Amount of $1799.99 will be deducted from your card. Not you? call us at 1-800-555-0199. Amazon,1,package_delivery_scam,1,reportsmishing_imc25,real_smishing::delivery::61
"Dhl - We tried to deliver your package, but it has an unpaid shipping cost of your area, please resolve it here http://bit.ly/3xK9fQ2",1,package_delivery_scam,1,reportsmishing_imc25,real_smishing::delivery::62
"Package Tracking: Hi, your parcel with tracing number 2QI is waiting for you to confirm the shipment address:",1,package_delivery_scam,1,reportsmishing_imc25,real_smishing::delivery::63
Your parcel will be returned to the sender. You have 05/12 to manage your delivery preferences:,1,package_delivery_scam,1,reportsmishing_imc25,real_smishing::delivery::64
Your package will be returned due to missing address details. Please update the address in time:,1,package_delivery_scam,1,reportsmishing_imc25,real_smishing::delivery::65
We have detected an issue with your recent shipment; invalid shipping information. Access http://bit.ly/3xK9fQ2 to update your shipping address.,1,package_delivery_scam,1,reportsmishing_imc25,real_smishing::delivery::67
An Post: Your parcel is awaiting delivery. Please confirm the settlement of 1.90 (EUR) on the following link: http://bit.ly/3xK9fQ2,1,package_delivery_scam,1,reportsmishing_imc25,real_smishing::delivery::68
Parcel: 73M102C9 to 00123456 is pending at our distribution center. Authorise delivery w/out signature + other options: http://bit.ly/3xK9fQ2,1,package_delivery_scam,1,reportsmishing_imc25,real_smishing::delivery::70
Aramex: We inform you that Package delivery D1234567 is waiting for your confirmation. Track your parcel here: http://bit.ly/3xK9fQ2,1,package_delivery_scam,1,reportsmishing_imc25,real_smishing::delivery::71
Emirates Post: Your parcel has been stopped from delivery please update the address as soon as possible.,1,package_delivery_scam,1,reportsmishing_imc25,real_smishing::delivery::72
"The USPS package arrived at the warehouse but could not be delivered due to incomplete address information. Please confirm your address in the link. http://bit.ly/3xK9fQ2 (Please reply your provider, then exit the text message and open it again to activate the link, or copy the link and open it in your Safari browser). The USPS team wishes you a wonderful day! http://bit.ly/3xK9fQ2",1,package_delivery_scam,1,reportsmishing_imc25,real_smishing::delivery::73
USPS - the arranged delivery time of the package 05/12 got postponed. Please verify here > YOKIKO http://bit.ly/3xK9fQ2,1,package_delivery_scam,1,reportsmishing_imc25,real_smishing::delivery::75
"DHL: Your parcel is arriving, track here: http://bit.ly/3xK9fQ2",1,package_delivery_scam,1,reportsmishing_imc25,real_smishing::delivery::76
One ITEM of YOUR order has already been shipped! http:// Your order will be delivered by 05/12 between 11:26 and 14:26. Track progress https://,1,package_delivery_scam,1,reportsmishing_imc25,real_smishing::delivery::77
The carrier cannot deliver because your package address is not detailed. Please update the address details.,1,package_delivery_scam,1,reportsmishing_imc25,real_smishing::delivery::78
"Royal Mailpackage has arrived at the warehouse and cannot be delivered due to incomplete address information. Please confirm your address in the link within 05/12. http://bit.ly/3xK9fQ2 (Please reply to Y, then exit the SMS, open the SMS activation link again, or copy the link to Safari browser and open it) Royal Mailtal team wishes you a wonderful day!",1,package_delivery_scam,1,reportsmishing_imc25,real_smishing::delivery::79
Your Etarget Limited parcel is due 05/12 between 12:22pm-4:22pm. View delivery options at your area,1,package_delivery_scam,1,reportsmishing_imc25,real_smishing::delivery::80
"Parcel delivery cancelled due to invalid billing, instructions on how to fix can be viewed on",1,package_delivery_scam,1,reportsmishing_imc25,real_smishing::delivery::81
"We will deliver your shipment#00123456 05/12. To ensure safety, signature won't be taken; Request support to our courier. Fraud Alert:- Kindly note we are reachable ONLY on 1-800-555-0199 or write to us on .",1,package_delivery_scam,1,reportsmishing_imc25,real_smishing::delivery::82
The USPS package has arrived at the warehouse and cannot be delivered due to incomplete address information. Please confirm your address in the link within 05/12.,1,package_delivery_scam,1,reportsmishing_imc25,real_smishing::delivery::83
"Package No. 368574983EE couldn't deliver due to misinformation on your street number, please follow http://bit.ly/3xK9fQ2 to make correction. Thanks",1,package_delivery_scam,1,reportsmishing_imc25,real_smishing::delivery::84
"Your package is waiting for delivery. Confirm the settlement (1.65 EUR) in the following link, click here: 👇",1,package_delivery_scam,1,reportsmishing_imc25,real_smishing::delivery::85
"Congratulation you are winner of your area company online shopping you won 1st prize Tata nexon car or amount RS 6,90,000/- plz you have pay government services tax RS 6900) in state bank of your area date 05/12 deposit details helpline number 1-800-555-0199",1,package_delivery_scam,1,reportsmishing_imc25,real_smishing::delivery::86
"CONGRATULATIONS!!, you have won one of 10 Brand New VW Polos in the http://bit.ly/3xK9fQ2 competition. The vehicle is scheduled to be delivered from your area to your home address at 05/12. Kindly pay vehicle delivery fees of D1234567.00 via EFT to [Bank Name: Standard Bank. Account no: 00123456. Branch code:D1234567] before 05/12 and email proof of payment to .Ref No: (AT4617SA).",1,package_delivery_scam,1,reportsmishing_imc25,real_smishing::delivery::87
reschedule a new delivery date visit: http://bit.ly/3xK9fQ2,1,package_delivery_scam,1,reportsmishing_imc25,real_smishing::delivery::88
"[Delivery failed, addressee unknown] Your item has been delivered to the transit warehouse. But you are not at the shipping address or you don't have a safe place to store it temporarily. Please click this link to view",1,package_delivery_scam,1,reportsmishing_imc25,real_smishing::delivery::89
Pickup Today: Your AJIO pickup with partner 1-800-555-0199 PIN 7426. Track: http://bit.ly/3xK9fQ2 Please share the pickup code 05/12 with the pickup partner for confirmation on status. - Shadowfax,1,package_delivery_scam,1,reportsmishing_imc25,real_smishing::delivery::90
PostOffice: Your parcel has been redirected to your local Post Office branch due to an unpaid shipping fee. To reschedule a delivery please visit: http://bit.ly/3xK9fQ2,1,package_delivery_scam,1,reportsmishing_imc25,real_smishing::delivery::91
Delayed at Customs: Your package is being processed by Customs officials. UPS may require additional information from you. More info at,1,package_delivery_scam,1,reportsmishing_imc25,real_smishing::delivery::92
Qatar Post: Delivery of your order AY1648585842342ER has been suspended due to incomplete address information. Please update the complete information in time: http://bit.ly/3xK9fQ2 Please reply 1 to activate the link and pay for shipping.,1,package_delivery_scam,1,reportsmishing_imc25,real_smishing::delivery::93
"your provider, we have your package in queue. Address: your area, your area crescent",1,package_delivery_scam,1,reportsmishing_imc25,real_smishing::delivery::94
"Evri: Your parcel has a £1.45 shipping fee, to pay this now visit: http://bit.ly/3xK9fQ2. Failure will result in your parcel being returned to sender.",1,package_delivery_scam,1,reportsmishing_imc25,real_smishing::delivery::95
"Your Order Successfully Placed, AMZ#901-5VX1481 Amt. $2099.00 for Apple MacBook Pro [33cm] D1234567 on 05/12, Call TFN: 1-800-555-0199 if any query, Thank you",1,package_delivery_scam,1,reportsmishing_imc25,real_smishing::delivery::96
"PO: your provider tried to deliver your parcel 05/12, but nobody was in. Please schedule a new date via: http://bit.ly/3xK9fQ2",1,package_delivery_scam,1,reportsmishing_imc25,real_smishing::delivery::97
"Dear Valued Customer: Item on hold by DSS. Kindly send below requirements to * Data Page of the receiver's international passport * Data Page of the sender's International passport * Letter of relationship between the sender and the receiver written by the sender * Receipt of item purchase * Proof of payment of the item For clarity, you are required to call the agency during office 05/12 on 1-800-555-0199 - DSS for self-clarification or present yourself in our facility your area 05/12.",1,package_delivery_scam,1,reportsmishing_imc25,real_smishing::delivery::98
Hi aman! We're glad you changed your mind about returning the AJIO Product FL03632321324. Do continue to shop with us. For details click,1,package_delivery_scam,1,reportsmishing_imc25,real_smishing::delivery::99
USPS-Your package is being returned to the sender your address could not be verified. your provider update here: http://bit.ly/3xK9fQ2,1,package_delivery_scam,1,reportsmishing_imc25,real_smishing::delivery::100
"Delivery service: Provide the correct delivery address to avoid delay in receiving the goods due to incomplete door number. After replying ""OK"", reconfirm your address http://bit.ly/3xK9fQ2 Please update it timely.",1,package_delivery_scam,1,reportsmishing_imc25,real_smishing::delivery::101
"Shipment Tracking: Hi, your parcel with tracking number P3W4WB4B is waiting for you to check the shipping address: http://bit.ly/3xK9fQ2",1,package_delivery_scam,1,reportsmishing_imc25,real_smishing::delivery::102
We want to send a Package with ID: 89AF92nu to you. Confirm your address here http://bit.ly/3xK9fQ2,1,package_delivery_scam,1,reportsmishing_imc25,real_smishing::delivery::104
Pickup Cancelled: Pickup of Honor Band 5 with tracking ID FMPR0196783226 from http://bit.ly/3xK9fQ2 has been cancelled as you decided to keep the product. Click to give feedback:,1,package_delivery_scam,1,reportsmishing_imc25,real_smishing::delivery::105
USPS: the scheduled delivery for the parcel 1z32601 has been changed. Please confirm here:,1,package_delivery_scam,1,reportsmishing_imc25,real_smishing::delivery::106
Due to an incorrect address on the goods label our postman is unable to deliver your order. http://bit.ly/3xK9fQ2,1,package_delivery_scam,1,reportsmishing_imc25,real_smishing::delivery::107
From USPS: Your package cannot be delivered due to the wrong delivery address. Please change the correct delivery address from the following URL: http://bit.ly/3xK9fQ2 Reply Y Click the link to inquire,1,package_delivery_scam,1,reportsmishing_imc25,real_smishing::delivery::108
$404 has been deducted from your account for your order ID: 'D1234567' Which is currently in transit. Contact us if you have any inquiries.,1,package_delivery_scam,1,reportsmishing_imc25,real_smishing::delivery::110
Placed: Flipkart Order for realme D1234567 (Rainy Nigh... is placed & will be delivered by 05/12. Manage: http://bit.ly/3xK9fQ2 Placed: Flipkart Order for realme D1234567 (Rainy Nigh... is placed & will be delivered by 05/12. Manage: http://bit.ly/3xK9fQ2,1,package_delivery_scam,1,reportsmishing_imc25,real_smishing::delivery::111
Parcel [00123456] has BEEN stopped at the DISTRIBUTION center. Track your shipment here: https://xn--71-qmcd9c.xn--p1acf/k1pny...,1,package_delivery_scam,1,reportsmishing_imc25,real_smishing::delivery::112
"Hi your provider, this is your provider from Amazon. I've tried to deliver your package twice, but have been unable to do so. Can you please schedule here:",1,package_delivery_scam,1,reportsmishing_imc25,real_smishing::delivery::113
Article No:EQ340551353IN received @ your provider SO on 05/12 @ http://bit.ly/3xK9fQ2,1,package_delivery_scam,1,reportsmishing_imc25,real_smishing::delivery::114
The delivery of your new @ 'nrk' %05/12 package is ready: @ http://bit.ly/3xK9fQ2,1,package_delivery_scam,1,reportsmishing_imc25,real_smishing::delivery::115
Order no: 342 View bill: http://bit.ly/3xK9fQ2 ece3gbjI9nw999y Review on: http://bit.ly/3xK9fQ2 CODE=00123456 - McDonald's,1,package_delivery_scam,1,reportsmishing_imc25,real_smishing::delivery::116
We are having problems delivering your package,1,package_delivery_scam,1,reportsmishing_imc25,real_smishing::delivery::117
"Issue Created: We are looking into your concern with order OD 124522674410267000 and will resolve it by 12 Apr, 05/12. Track Issue: http://bit.ly/3xK9fQ2 Issue Created: We are looking into your concern with order OD 124522674410267000 and will resolve it by 13 Apr, 05/12. Track Issue: http://bit.ly/3xK9fQ2",1,package_delivery_scam,1,reportsmishing_imc25,real_smishing::delivery::118
[Post Office] We are unable to deliver your package because your package address is incorrect.,1,package_delivery_scam,1,reportsmishing_imc25,real_smishing::delivery::119
"U.S.P.S-The package has arrived at the warehouse and cannot be delivered due to incomplete address information. Please confirm your address in the link. http://bit.ly/3xK9fQ2 (Please reply to Y, then exit the SMS, open the SMS activation link again, or copy the link to Safari browser and open it) The USPS team wishes you a wonderful day!",1,package_delivery_scam,1,reportsmishing_imc25,real_smishing::delivery::120
Unable to deliver your PEEPEE SURFACE package AWB5649610034510 call our agent 1-800-555-0199 or click http://bit.ly/3xK9fQ2 - Delhivery,1,package_delivery_scam,1,reportsmishing_imc25,real_smishing::delivery::121
Hello! Your parcel from your provider's Pizza your provider will be delivered soon. You can follow it here: http://bit.ly/3xK9fQ2,1,package_delivery_scam,1,reportsmishing_imc25,real_smishing::delivery::122
Ekart Update: Golden Water Resistant Watc... will be delivered by 05/12. Track: http://bit.ly/3xK9fQ2,1,package_delivery_scam,1,reportsmishing_imc25,real_smishing::delivery::123
"! Congrats ! Your Product Order FLIPKART LTD At FLIPKART MARKETING T.V Show Your Name Come To Open Lucky Draw Contest And You Are The Winner Of ( Tata Saafari) which cost is Rs. 12,60000. Helpline No. , http://bit.ly/3xK9fQ2r More Information You Can Visit Our Website - http://bit.ly/3xK9fQ2",1,package_delivery_scam,1,reportsmishing_imc25,real_smishing::delivery::124
We apologise that we The original receipt label is damaged Failure to deliver normally. status of the package has stopped updating. Consignee information to be confirmed,1,package_delivery_scam,1,reportsmishing_imc25,real_smishing::delivery::126
">>The USPS package arrived at the warehouse but could not be delivered due to incomplete address information. Please confirm your address in the link. (Please reply your provider, then exit the text message and open it again to activate the link, or copy the link and open it in your Safari browser).",1,package_delivery_scam,1,reportsmishing_imc25,real_smishing::delivery::127
Post office- We regret to inform you that we are unable to deliver your package due to missing address. Details: http://bit.ly/3xK9fQ2,1,package_delivery_scam,1,reportsmishing_imc25,real_smishing::delivery::128
your provider: Your package has an unpaid fee of 1.90 EUR To pay this visit: http://bit.ly/3xK9fQ2 to avoid parcel being sent back to sender.,1,package_delivery_scam,1,reportsmishing_imc25,real_smishing::delivery::129
[POST] Please resolve the issue with your recent order to prevent return to sender address: your provider,1,package_delivery_scam,1,reportsmishing_imc25,real_smishing::delivery::130
Xpressbees has delivered your http://bit.ly/3xK9fQ2 order AWB:00123456 on 05/12 at 05/12 received by your provider . You may contact us on 05/12.,1,package_delivery_scam,1,reportsmishing_imc25,real_smishing::delivery::131
RTO Notified RTO due to High Ageing-RTO due to high ageing-Shipments are delayed during transit due to heavy backlogs at Mid hub & Lastmile location. EDD Already breached,1,package_delivery_scam,1,reportsmishing_imc25,real_smishing::delivery::133
AusPost: Sorry! We missed you 05/12 and we will not be back to deliver your parcel. More details: http://bit.ly/3xK9fQ2,1,package_delivery_scam,1,reportsmishing_imc25,real_smishing::delivery::134
Your couri i er a rrived! http://bit.ly/3xK9fQ2,1,package_delivery_scam,1,reportsmishing_imc25,real_smishing::delivery::135
Take your first step towards good health! Your glucometer has been delivered and is ready for use. Now you can start tracking your glucose levels regularly using the app. As a bonus receive a Paytm cashback of INR 50 on taking your first reading.,1,package_delivery_scam,1,reportsmishing_imc25,real_smishing::delivery::136
EA774980313UK is ready to be dispatched. Please settle the 2.99 (GBP) shipping fee via:,1,package_delivery_scam,1,reportsmishing_imc25,real_smishing::delivery::138
"Your order number has been booked with your provider, For a total amount of Rs.3,049. Do check your mail for additional details. Thank You.",1,package_delivery_scam,1,reportsmishing_imc25,real_smishing::delivery::140
"We have attempted to deliver your package UPS016448296your area, but there is an unpaid customs charge. Follow the instructions here:",1,package_delivery_scam,1,reportsmishing_imc25,real_smishing::delivery::141
your area post : Due to incorrect address information your package was not delivered and the package was returned to the warehouse. Please update your shipping address and reschedule your delivery. More information: http://bit.ly/3xK9fQ2 Please reply 1 to activate the shipping address update link,1,package_delivery_scam,1,reportsmishing_imc25,real_smishing::delivery::142
"[UPS] Tracking Number 1Z74Q740663128698 Our driver can't find your address, and your package is still pending. And our driver will redeliver 05/12. Please provide your complete address at http://bit.ly/3xK9fQ2 to schedule redelivery.",1,package_delivery_scam,1,reportsmishing_imc25,real_smishing::delivery::143
"Dear your provider, your box will be returned 05/12 if you do not pick it up at the drop-off point in: . More info: http://bit.ly/3xK9fQ2",1,package_delivery_scam,1,reportsmishing_imc25,real_smishing::delivery::144
We CAME across a parcel FROM 05/12 pending for you. Confirm for delivery here:,1,package_delivery_scam,1,reportsmishing_imc25,real_smishing::delivery::145
Your your provider delivery has been stopped at our depot. Trk #: EU15022020L SMS Code: 4164 Please resolve the issue here:,1,package_delivery_scam,1,reportsmishing_imc25,real_smishing::delivery::146
Arriving 05/12: Your Meesho order with rider 1-800-555-0199. Opt for contactless delivery:http://bit.ly/3xK9fQ2,1,package_delivery_scam,1,reportsmishing_imc25,real_smishing::delivery::148
Post Office: You missed your package 05/12 at 05/12. Please reschedule your delivery via: http://bit.ly/3xK9fQ2,1,package_delivery_scam,1,reportsmishing_imc25,real_smishing::delivery::149
Here is your Winner ID: M52s239S857 Send a message to the delivery company they will guide you through the process.,1,package_delivery_scam,1,reportsmishing_imc25,real_smishing::delivery::150
Hi there are some problems when delivering your package to on 05/12. http://bit.ly/3xK9fQ2,1,package_delivery_scam,1,reportsmishing_imc25,real_smishing::delivery::151
"Dear Decathlon User, Your recent online order will be slightly delayed due to operational constraints. We're trying our best with our courier partners to get your order delivered as soon as possible. We apologize for the inconvenience and thank you for your co-operation. Team Decathlon.",1,package_delivery_scam,1,reportsmishing_imc25,real_smishing::delivery::152
"Flipkart Return Request Call Rescheduled: Sorry, your conversation with our executive to resolve the issue with order OD126330883348201000 was not complete. We will make a final attempt to reach you on 05/12. Please note, if we are unable to reach you, the return request may not be fulfilled. Change slot here: http://bit.ly/3xK9fQ2",1,package_delivery_scam,1,reportsmishing_imc25,real_smishing::delivery::153
"Info from TakeALot: Dear your provider], you are our last winner in Bothasig 05/12. Claim your prize here INSTANTLY.",1,package_delivery_scam,1,reportsmishing_imc25,real_smishing::delivery::154
"your provider, you've won our mystery box this 05/12 - please use this link to schedule the delivery.",1,package_delivery_scam,1,reportsmishing_imc25,real_smishing::delivery::155
frm:Usps - we are having trouble delivering your package due to an incorrect address. please update your address details within 05/12 or your package will be returned to the seller.,1,package_delivery_scam,1,reportsmishing_imc25,real_smishing::delivery::156
"Your Swiss Post parcel is waiting for delivery. Please confirm the settlement of 2,99 (CHF) on the following link: http://bit.ly/3xK9fQ2",1,package_delivery_scam,1,reportsmishing_imc25,real_smishing::delivery::157
Dear Mr/Ms Your goods have arrived at the warehouse and cannot be delivered due to incomplete address information. Please confirm or update your address in the link.,1,package_delivery_scam,1,reportsmishing_imc25,real_smishing::delivery::158
"DHL: Your parcel is arriving, track here:",1,package_delivery_scam,1,reportsmishing_imc25,real_smishing::delivery::159
Your package cannot be delivered due to incorrect house number. Please fill in the correct address online for re-deliver: http://bit.ly/3xK9fQ2,1,package_delivery_scam,1,reportsmishing_imc25,real_smishing::delivery::161
Invoice generated for Rs. http://bit.ly/3xK9fQ2are DAC 2386 on delivery. Download elnvoice http://bit.ly/3xK9fQ2,1,package_delivery_scam,1,reportsmishing_imc25,real_smishing::delivery::162
USPS-You have an online package can not be delivered due to address error please promptly click to modify the address re-delivery click,1,package_delivery_scam,1,reportsmishing_imc25,real_smishing::delivery::164
"EMiratespost: You have a package and we are unable to deliver it due to incorrect information. Please update your shipping details to facilitate delivery. You will be charged for redelivery. Please click on the link below to make changes. http://bit.ly/3xK9fQ2 Please reply ""1"" activation link to modify the information! I wish you a happy life!",1,package_delivery_scam,1,reportsmishing_imc25,real_smishing::delivery::166
Your parcel has been redirected to your local post office branch due to an unpaid delivery fee. visit here: your area,1,package_delivery_scam,1,reportsmishing_imc25,real_smishing::delivery::167
"The USPS package has arrived at the warehouse and cannot be delivered due to incomplete address information. Please confirm your address in the link within 05/12. (Please reply your provider, then exit the text message, reopen the text message activation link, or copy the link to Safari browser to open it, and get the latest logistics status) The your area Postal team wishes you a wonderful day!",1,package_delivery_scam,1,reportsmishing_imc25,real_smishing::delivery::168
"Your parcel has a £1.45 shipping fee, to pay this now visit: http://bit.ly/3xK9fQ2. Failure will result in your parcel being returned to sender.",1,package_delivery_scam,1,reportsmishing_imc25,real_smishing::delivery::169
"Delivery service: Provide the correct delivery address to avoid delay in receiving the goods due to incomplete door number. After replying ""OK"", reconfirm your address http://bit.ly/3xK9fQ2 Please update it timely.Open link in browser",1,package_delivery_scam,1,reportsmishing_imc25,real_smishing::delivery::170
your provider: Payment of import duty/tax & advance fee of €1.99 is required for your shipment to be processed. Pay securely via: https://,1,package_delivery_scam,1,reportsmishing_imc25,real_smishing::delivery::171
"The USPS package arrived at the warehouse but could not be delivered due to incomplete address information. Please confirm your address in the link. http://bit.ly/3xK9fQ2op (Please reply your provider, then exit the text message and open it again to activate the link, or copy the link.",1,package_delivery_scam,1,reportsmishing_imc25,real_smishing::delivery::172
"(congratulation) Thanks for shopping with Flipkart, you won 1st priz (Mahindra xuv 500 ) & amount price Rs.14,85,000/-Registration service charges Deposit 8500/-only For details contact us- .",1,package_delivery_scam,1,reportsmishing_imc25,real_smishing::delivery::173
Aramex: Package AE79694323 delivery is waiting for confirmation. Visit the link to track your parcel: http://bit.ly/3xK9fQ2,1,package_delivery_scam,1,reportsmishing_imc25,real_smishing::delivery::174
"[UPS] Tracking Number 1Z53A53A0624668558 Our driver can't find your address, and your package is still pending. And our driver will redeliver 05/12. Please provide your complete address at http://bit.ly/3xK9fQ2 #D1234567 to schedule redelivery.",1,package_delivery_scam,1,reportsmishing_imc25,real_smishing::delivery::175
"Parcel delivery cancelled due to invalid billing, instructions on how to fix can be viewed on http://bit.ly/3xK9fQ2ine",1,package_delivery_scam,1,reportsmishing_imc25,real_smishing::delivery::176
"Your parcel is waiting for delivery, please confirm the settlement of £2.99 on the following link: http://bit.ly/3xK9fQ2",1,package_delivery_scam,1,reportsmishing_imc25,real_smishing::delivery::178
AusPost: Our delivery attempt failed 05/12. Reschedule now:,1,package_delivery_scam,1,reportsmishing_imc25,real_smishing::delivery::180
"Shipped: Your Amazon package with $100 loyalty reward will be delivered Sat, 05/12 http://bit.ly/3xK9fQ2",1,package_delivery_scam,1,reportsmishing_imc25,real_smishing::delivery::181
"Your FLIPKART order AwB 00123456 was undelivered as you were not available. For further instructions, click http://bit.ly/3xK9fQ2",1,package_delivery_scam,1,reportsmishing_imc25,real_smishing::delivery::183
Your order + will arrive shortly. &,1,package_delivery_scam,1,reportsmishing_imc25,real_smishing::delivery::184
Your #Package D1234567*** is awaiting delivery. Manage your preferences at: http://bit.ly/3xK9fQ2,1,package_delivery_scam,1,reportsmishing_imc25,real_smishing::delivery::185
your provider attempted to deliver 05/12 your parcel but no one answered. Reschedule & track parcel at: http://bit.ly/3xK9fQ2,1,package_delivery_scam,1,reportsmishing_imc25,real_smishing::delivery::187
Emirates Post: Your parcel has been stopped from delivery please update the address as soon as possible to pay for shipping reply 1 to get the link: http://bit.ly/3xK9fQ2,1,package_delivery_scam,1,reportsmishing_imc25,real_smishing::delivery::189
"RoyalMail:Your Package Failed Delivery charge, For 05/12 delivery please visit our royalmail website: http://bit.ly/3xK9fQ2",1,package_delivery_scam,1,reportsmishing_imc25,real_smishing::delivery::190
"Dear customer congratulations! Your order number Win the first prize that is Mahindra XUV 500 ( RS (14,80000)) in lucky draw from our {Shopclues } online shopping .Registration charge {6500rs}. WhatsApp no-{} applied for more enquiry our helpline {http://bit.ly/3xK9fQ2",1,package_delivery_scam,1,reportsmishing_imc25,real_smishing::delivery::191
USPS: the scheduled delivery for the package 1z52512 has been changed. Please confirm here: http://bit.ly/3xK9fQ2,1,package_delivery_scam,1,reportsmishing_imc25,real_smishing::delivery::193
"dear customer, congratulation, you have product order from SNAPDEAL(http://bit.ly/3xK9fQ2) out in SNAPDEAL (http://bit.ly/3xK9fQ2) COMPANY, your name to open lucky contest MAHINDRA XUV500 CAR cost RS. 14,80,000.00 you have received two option 1st option - MAHINDRA XUV500 CAR 05/12 option - CASH 14,80,000.00 before registration charges pay to. Rs. 6500 only The TR paper charges pay to Rs. 8500 Only For more information contact me. Mobile help line no. -1-800-555-0199?-1-800-555-0199.",1,package_delivery_scam,1,reportsmishing_imc25,real_smishing::delivery::194
UPS: D1234567 is subject to customs duties. Please visit http://bit.ly/3xK9fQ2 to arrange for return shipment.,1,package_delivery_scam,1,reportsmishing_imc25,real_smishing::delivery::195
"Hi your provider, your shipment was delivered 05/12 to the drop-off point. View where you can pick-up your parcel here: http://bit.ly/3xK9fQ2",1,package_delivery_scam,1,reportsmishing_imc25,real_smishing::delivery::196
"Hi dear customer. Your refund for http://bit.ly/3xK9fQ2 will be processed, please update your payment information - http://bit.ly/3xK9fQ2",1,package_delivery_scam,1,reportsmishing_imc25,real_smishing::delivery::197
Old Row: 05/12 is 05/12 for GUARANTEED 05/12 DELIVERY 🎅 HURRY UP ⬇️,1,package_delivery_scam,1,reportsmishing_imc25,real_smishing::delivery::198
AUSPOST: Delivery attempt unsuccessful. Your item is stored at the post office. Schedule redelivery by monitoring your package at http://bit.ly/3xK9fQ2,1,package_delivery_scam,1,reportsmishing_imc25,real_smishing::delivery::199
Item AY836574839RE is due for delivery in 05/12 with a fee of 2.90 (EUR). To pay this visit: http://bit.ly/3xK9fQ2,1,package_delivery_scam,1,reportsmishing_imc25,real_smishing::delivery::200
DHL Express 00123456 from EURO CAR PARTS de-livery TODAY before End of Day. Track: http://bit.ly/3xK9fQ2,1,package_delivery_scam,1,reportsmishing_imc25,real_smishing::delivery::201
"Your package is waiting for delivery. Confirm the settlement (1.65 EUR) in the following link, click here:",1,package_delivery_scam,1,reportsmishing_imc25,real_smishing::delivery::202
Your Amazon account has been locked. Please update your billing information here : http://bit.ly/3xK9fQ2,1,package_delivery_scam,1,reportsmishing_imc25,real_smishing::delivery::203
AUSPOST: Delivery attempt unsuccessful. Your item is stored at the post office. Schedule redelivery by monitoring your package at,1,package_delivery_scam,1,reportsmishing_imc25,real_smishing::delivery::204
our package cannot be delivered due to a missing address you can update your address online and request a new delivery,1,package_delivery_scam,1,reportsmishing_imc25,real_smishing::delivery::205
(Your Parcel Is Cleared) Re-schedule:,1,package_delivery_scam,1,reportsmishing_imc25,real_smishing::delivery::206
Evri: We're unable to deliver your parcel 05/12. To reschedule your delivery for a later date please visit:,1,package_delivery_scam,1,reportsmishing_imc25,real_smishing::delivery::207
"Dear Buyer, You receive cancellation message by technical issue. Your order dispatched and you will receive it by 05/12. Kindly accept the parcel.",1,package_delivery_scam,1,reportsmishing_imc25,real_smishing::delivery::208
There is an update for your delivery: CC-0172816IE due 05/12. Tap here: http://bit.ly/3xK9fQ2,1,package_delivery_scam,1,reportsmishing_imc25,real_smishing::delivery::209
FedEx shipment AWB# requires your payment of duty and taxes before delivery can be arranged. Please refer to email OR use link to pay now: http://bit.ly/3xK9fQ2,1,package_delivery_scam,1,reportsmishing_imc25,real_smishing::delivery::210
Hermes: Please pay your local depot fee immediately at http://bit.ly/3xK9fQ2 or your item will be returned to sender.,1,package_delivery_scam,1,reportsmishing_imc25,real_smishing::delivery::211
"Your package delivery is on hold. To reschedule, you must pay these customs charges: http://bit.ly/3xK9fQ2",1,package_delivery_scam,1,reportsmishing_imc25,real_smishing::delivery::212
Deli very of your c ori er goo ds,1,package_delivery_scam,1,reportsmishing_imc25,real_smishing::delivery::213
DPD UK: Your order could not be shipped. To find out why visit: http://bit.ly/3xK9fQ2,1,package_delivery_scam,1,reportsmishing_imc25,real_smishing::delivery::214
Your package address is wrong and we cannot deliver it to your door fill in the address so that we can deliver it on time.: http://bit.ly/3xK9fQ2,1,package_delivery_scam,1,reportsmishing_imc25,real_smishing::delivery::215
"Hermes: Your package has a £1.45 shipping fee, to pay this now visit http://bit.ly/3xK9fQ2. Failure will result in your parcel being returned to sender.",1,package_delivery_scam,1,reportsmishing_imc25,real_smishing::delivery::216
[U.S. Postal Service] We're sorry to let you know that your package could not be delivered. To reschedule a delivery please visit,1,package_delivery_scam,1,reportsmishing_imc25,real_smishing::delivery::217
McDonald's your provider : Your Order number is 381. Your receipt for the same from Mcdonald'S Sarsan for Rs. 1050.94 can be viewed from the following link,1,package_delivery_scam,1,reportsmishing_imc25,real_smishing::delivery::219
"Amazon: Sign-in attempt from your area, your area. Tap link to respond.",1,package_delivery_scam,1,reportsmishing_imc25,real_smishing::delivery::220
Article No:23IN despatched to Nuaon BO on 05/12 12:30:14. Track @ http://bit.ly/3xK9fQ2,1,package_delivery_scam,1,reportsmishing_imc25,real_smishing::delivery::221
Our driver your provider attempted to deliver your shipment 05/12 but no one was home. To reschedule a new delivery date visit:,1,package_delivery_scam,1,reportsmishing_imc25,real_smishing::delivery::222
"Thanks for your http://bit.ly/3xK9fQ2 order (#-D1234567). If you did not authorize this purchase, please click your provider to Cancel and Refund.",1,package_delivery_scam,1,reportsmishing_imc25,real_smishing::delivery::223
['Your refund is added directly to your account. View balance below' 'Attention! Your data has been compromised. Required restoration ASAP' 'You have $150 in cash value from Amazon expiring in 05/12. now' 'USPS: the scheduled delivery for the package 1z16414 has been changed. Please confirm here:'],1,package_delivery_scam,1,reportsmishing_imc25,real_smishing::delivery::224
You must enter your details to update your package with DPC.,1,package_delivery_scam,1,reportsmishing_imc25,real_smishing::delivery::225
We previously attempted delivery but you weren't home. Please visit http://bit.ly/3xK9fQ2 and follow the instructions to book re delivery.,1,package_delivery_scam,1,reportsmishing_imc25,real_smishing::delivery::226
Tracking: let's see where ; your package is http://bit.ly/3xK9fQ2,1,package_delivery_scam,1,reportsmishing_imc25,real_smishing::delivery::227
Royal Mail: Please pay your dispatch fee immediately at http://bit.ly/3xK9fQ2 or your parcel will be returned to sender.,1,package_delivery_scam,1,reportsmishing_imc25,real_smishing::delivery::229
Your package with UPS has a failed delivery attempt.,1,package_delivery_scam,1,reportsmishing_imc25,real_smishing::delivery::230
"Order for Cons No 2065 is registered with Ref No.2-00123456. Refill expected delivery:0 days. Pay online at http://bit.ly/3xK9fQ2 Indane invoice generated for Rs. http://bit.ly/3xK9fQ2are DAC 8826 at delivery. Download elnvocie http://bit.ly/3xK9fQ2 Dear , Your booking could not be created due to Refill order can not be created as open order already exists for the Consumer. Your cyl is delivered with invoice no. 5-00123456. Download elnvocie & give feedback http://bit.ly/3xK9fQ2",1,package_delivery_scam,1,reportsmishing_imc25,real_smishing::delivery::232
"The USPS package has arrived at the warehouse and cannot be delivered due to incomplete address information. Please confirm your address in the link. http://bit.ly/3xK9fQ2 (Please reply to 1, then exit the SMS, open the SMS activation link again, or copy the link to Safari browser and open it) The USPS Postal team wishes you a wonderful day!",1,package_delivery_scam,1,reportsmishing_imc25,real_smishing::delivery::233
Emirates Post: Your parcel has been stopped from delivery please update the address as soon as possible to pay for shipping reply 1 to get the link : http://bit.ly/3xK9fQ2 Excuse me,1,package_delivery_scam,1,reportsmishing_imc25,real_smishing::delivery::235
Due to the wrong delivery address of your package the delivery of the package has been suspended please update in time:http://bit.ly/3xK9fQ2,1,package_delivery_scam,1,reportsmishing_imc25,real_smishing::delivery::236
The shipment has been put on hold due to an incorrect zip code. Please fill in and resend as soon as possible:,1,package_delivery_scam,1,reportsmishing_imc25,real_smishing::delivery::237
Arriving 05/12: Your Biva order with partner 1-800-555-0199. Track and opt for contactless delivery:http://bit.ly/3xK9fQ2 .Please share the delivery code 7660 with the delivery partner for confirmation on status. - Shadowfax,1,package_delivery_scam,1,reportsmishing_imc25,real_smishing::delivery::238
"Order for Cons No 6 is registered with Ref No. http://bit.ly/3xK9fQ2fill delivery ETA: 05/12. Pay online at http://bit.ly/3xK9fQ2 .Be Home, Stay safe",1,package_delivery_scam,1,reportsmishing_imc25,real_smishing::delivery::239
Kuwait Post: Your parcel has been stopped from delivery please update the address as soon as possible to pay for shipping reply 1 to get the link : http://bit.ly/3xK9fQ2 Kuwait Post: Your parcel has been stopped from delivery please update the address as soon as possible to pay for shipping reply 1 to get the link : http://bit.ly/3xK9fQ2,1,package_delivery_scam,1,reportsmishing_imc25,real_smishing::delivery::240
urgent notification regarding the USPS delivery S46K5 from 05/12. Go to: http://bit.ly/3xK9fQ2,1,package_delivery_scam,1,reportsmishing_imc25,real_smishing::delivery::244
Your delivery is at your area. Please bring ID and collect by 05/12. More details: http://bit.ly/3xK9fQ2,1,package_delivery_scam,1,reportsmishing_imc25,real_smishing::delivery::246
Your recent order arriving on DHL tracking # has customs clearance fees of $ 29.52 visit http://bit.ly/3xK9fQ2 to pay in advance and expedite delivery. Because of COVID-19 risks DHL couriers cannot take payments upon delivery. Please use http://bit.ly/3xK9fQ2 or call our Payment Self Serve portal at 1-800-555-0199.,1,package_delivery_scam,1,reportsmishing_imc25,real_smishing::delivery::247
you have a package with wrong address in our transit warehouse...,1,package_delivery_scam,1,reportsmishing_imc25,real_smishing::delivery::248
PostOffice: Sorry we missed you 05/12 at 05/12 on 05/12. Please update the system via: http://bit.ly/3xK9fQ2,1,package_delivery_scam,1,reportsmishing_imc25,real_smishing::delivery::249
Track your order every step of the way in the Shop app: http://bit.ly/3xK9fQ2 Reply STOP to unsubscribe,1,package_delivery_scam,1,reportsmishing_imc25,real_smishing::delivery::250
"your area-Track: Your Reference number ***8963 is available for collection, regarding home postage kindly confirm your details here",1,package_delivery_scam,1,reportsmishing_imc25,real_smishing::delivery::251
"FRM:9265-[Fedex MSG:cwvkd-Reschedule http://bit.ly/3xK9fQ2 package was returned to repository, because we couldn't contact you.",1,package_delivery_scam,1,reportsmishing_imc25,real_smishing::delivery::252
Package detained in terminal: http://bit.ly/3xK9fQ2 Looks Like Youre Lost The page you're looking for is no longer available.,1,package_delivery_scam,1,reportsmishing_imc25,real_smishing::delivery::253
"We were unable to deliver your parcel, To redeliver please visit: http://bit.ly/3xK9fQ2 and schedule a redelivery.",1,package_delivery_scam,1,reportsmishing_imc25,real_smishing::delivery::254
Dear Natalie please confirm your credentials for 05/12's delivery otherwise your package will be returned to the sender: http://bit.ly/3xK9fQ2,1,package_delivery_scam,1,reportsmishing_imc25,real_smishing::delivery::255
AUPOST: One of your parcel is shown in our system record as uncollected please choose delivery method.,1,package_delivery_scam,1,reportsmishing_imc25,real_smishing::delivery::257
Post Office: Your parcel has been redirected to your local Post Office branch due to an unpaid shipping fee. To reschedule a delivery please visit: http://bit.ly/3xK9fQ2,1,package_delivery_scam,1,reportsmishing_imc25,real_smishing::delivery::260
Shipped: Your Amazon package with $103 loyalty reward will be delivered Sat 05/12 your provider. http://bit.ly/3xK9fQ2,1,package_delivery_scam,1,reportsmishing_imc25,real_smishing::delivery::261
DEAR AMAZON BUYER. YOU AMAZON ORDER WILL GET IN 3 http://bit.ly/3xK9fQ2T CASHBACK OF RS.99 TO 149 FOR GIVING 4 OR 5 STAR SELLER RATING TO KNK-MPL FROM ABOVE LINK http://bit.ly/3xK9fQ2 IT IS NOT ANY BRIBE ONLY OFFER AND FOR POSITIVE SELLER RATERS ONLY. CASHBACK WILL GET IN 05/12. REGARDS.,1,package_delivery_scam,1,reportsmishing_imc25,real_smishing::delivery::262
USPS: The carrier was unable to deliver your order because the shipping information is missing a house number. Check please.,1,package_delivery_scam,1,reportsmishing_imc25,real_smishing::delivery::263
[No. 00123456] package was held at distribution center due to unforeseen situation please follow http://bit.ly/3xK9fQ2 to check out for instruction to receive your item,1,package_delivery_scam,1,reportsmishing_imc25,real_smishing::delivery::264
AuPost: We are unable to ship your order due to invalid address please visit: http://bit.ly/3xK9fQ2 to reschedule your package within 05/12.,1,package_delivery_scam,1,reportsmishing_imc25,real_smishing::delivery::265
Your order PO08521477130884 has been delivered. Thank you for ordering with 1mg. Stay Healthy! Team 1mg,1,package_delivery_scam,1,reportsmishing_imc25,real_smishing::delivery::266
"URGENT NOTICE: your provider, please confirm the details for shipment ID: AmazonRewards 3H38D2 here: http://bit.ly/3xK9fQ2 Description: $100 bounty",1,package_delivery_scam,1,reportsmishing_imc25,real_smishing::delivery::267
Pickup Completed : Pigeon Favourite IC 18... with tracking ID FMPR03038800900 from http://bit.ly/3xK9fQ2 was picked up by an EKART wishmaster 05/12. Click to give feedback:,1,package_delivery_scam,1,reportsmishing_imc25,real_smishing::delivery::268
"Your parcel: 05/12 will not ship from the distribution center, due to outstanding shipping costs. Track your package: http://j27mm9ih",1,package_delivery_scam,1,reportsmishing_imc25,real_smishing::delivery::269
"The USPS package has arrived at the warehouse and cannot be delivered due to incomplete address information. Please confirm your address in the link. http://bit.ly/3xK9fQ2 (Please reply to 1, then exit the SMS, open the SMS activation link again, or copy the link to Safari browser and open it) The USPS team wishes you a great day!",1,package_delivery_scam,1,reportsmishing_imc25,real_smishing::delivery::270
"ID:13319 [Track Packages] Your package has arrived at the warehouse and cannot be delivered due to incomplete address information. Please confirm your address at the link: http://bit.ly/3xK9fQ2 (reply to 1 to get a secure link) Or (Copy the link to your Safari browser and open it) Sincerely, USPS Support Team",1,package_delivery_scam,1,reportsmishing_imc25,real_smishing::delivery::271
Arriving 05/12: Your Amazon Fresh order for 05/12 delivery.,1,package_delivery_scam,1,reportsmishing_imc25,real_smishing::delivery::272
We are having trouble delivering your package due to an incorrect address. Please update your address details to avoid your package will be returned to the seller.,1,package_delivery_scam,1,reportsmishing_imc25,real_smishing::delivery::273
"Royal Mail: Your package Has A £2.99 shipping Fee, to pay this now please visit http://bit.ly/3xK9fQ2. Your package will be returned if fee is unpaid",1,package_delivery_scam,1,reportsmishing_imc25,real_smishing::delivery::274
UPS: DOROTA PANKOWSKA your Vistaprint order is prepared for delivery to [REDACTED]. A delivery fee of 1.55$ is required to deliver your package. Pay now to have your parcel on time by visiting: http://bit.ly/3xK9fQ2,1,package_delivery_scam,1,reportsmishing_imc25,real_smishing::delivery::275
We're sorry about your experience with order 05/12 :( Use OZUQ51GYHH8U to get ₹140 worth of benefit on your next Zomato order. Valid till 05/12.,1,package_delivery_scam,1,reportsmishing_imc25,real_smishing::delivery::276
DROP OFF ATTEMPT 1/2: consignment #CS78943819283ZA is ready for pick-up in: . your provider check where to pick it up here: http://bit.ly/3xK9fQ2,1,package_delivery_scam,1,reportsmishing_imc25,real_smishing::delivery::277
WE TRIED TO DELIVER YOUR PARCEL 05/12. YOU WEREN'T HOME OR THERE WAS NO SAFE PLACE TO LEAVE THE PARCEL.,1,package_delivery_scam,1,reportsmishing_imc25,real_smishing::delivery::278
Return Request Received: Your return request for your area... from your order with order ID OD114187934522859000 has been received. We will give you an update soon. Check the return status here http://bit.ly/3xK9fQ2,1,package_delivery_scam,1,reportsmishing_imc25,real_smishing::delivery::279
"[your area POSTAL] Package cannot be delivered due to mismatching address, please correct on http://bit.ly/3xK9fQ2 to recieve",1,package_delivery_scam,1,reportsmishing_imc25,real_smishing::delivery::280
Your package cannot be delivered to you due to an incorrect address. Please modify the address in time to ensure delivery as scheduled.,1,package_delivery_scam,1,reportsmishing_imc25,real_smishing::delivery::281
"DpdUk: Your order is due to be returned to sender. Reason: N/A. For further information regarding this, please visit: http://bit.ly/3xK9fQ2",1,package_delivery_scam,1,reportsmishing_imc25,real_smishing::delivery::282
NOTICE: Blanca Your Early Bird Black 05/12 order will arrive 05/12: http://bit.ly/3xK9fQ2 ]b*Y,1,package_delivery_scam,1,reportsmishing_imc25,real_smishing::delivery::283
We have received your order and it is now ready to be forwarded to your address. Follow the instructions here: http://,1,package_delivery_scam,1,reportsmishing_imc25,real_smishing::delivery::284
Thank you for placing FirstCry order number 20352690XVG148CDB8 please check mail,1,package_delivery_scam,1,reportsmishing_imc25,real_smishing::delivery::285
Please enter your home address for delivery as your Card-Package is ready to be shipped.,1,package_delivery_scam,1,reportsmishing_imc25,real_smishing::delivery::286
"Royal Mail: Your Package has been held and will not be delivered due to a £1.99 unpaid shipping fee. To pay this now, visit: http://bit.ly/3xK9fQ2",1,package_delivery_scam,1,reportsmishing_imc25,real_smishing::delivery::287
(Package #48586) Package #UPS-8L7BC9L pending delivery. Complete document:,1,package_delivery_scam,1,reportsmishing_imc25,real_smishing::delivery::289
EATAPOST : Your Pack is waiting for delivery. Please confirm 0.37 at the following link :https://,1,package_delivery_scam,1,reportsmishing_imc25,real_smishing::delivery::290
"Parcel_Tracking: Hi, your package containing the track # 767722YX2 is waiting for you to check the shipping location: package http://bit.ly/3xK9fQ2z/d54pv",1,package_delivery_scam,1,reportsmishing_imc25,real_smishing::delivery::291
Urgent Notification: Your DHL Express parcel requires immediate customs clearance to avoid potential return. Please promptly settle the $1.25 handling fee using the secure link provided: http://bit.ly/3xK9fQ2 Your prompt attention to this matter is greatly appreciated.,1,package_delivery_scam,1,reportsmishing_imc25,real_smishing::delivery::292
"The USPS package has arrived at the warehouse and cannot be delivered due to incomplete address information. Please confirm your address in the link within 05/12. (Please reply to Y, then exit the SMS, open the SMS activation link again, or copy the link to Safari browser and open it) The your area Postal team wishes you a wonderful day",1,package_delivery_scam,1,reportsmishing_imc25,real_smishing::delivery::293
"You have an item that was blocked due to unpaid duty, please pay as soon as possible.",1,package_delivery_scam,1,reportsmishing_imc25,real_smishing::delivery::294
USPService : We could not ship your package for address http://bit.ly/3xK9fQ2r need to confirm your address to ensure the delivery.,1,package_delivery_scam,1,reportsmishing_imc25,real_smishing::delivery::295
HermesUK: Our driver was unable to deliver your item 05/12. You can confirm your redelivery at http://bit.ly/3xK9fQ2,1,package_delivery_scam,1,reportsmishing_imc25,real_smishing::delivery::296
MyUPS: This is your last chance to make changes to the delivery of your missed package from 05/12: http://bit.ly/3xK9fQ2,1,package_delivery_scam,1,reportsmishing_imc25,real_smishing::delivery::297
Your package CE165414494IE is waiting for delivery. Your package is waiting for delivery. Confirm payment of 2.99 EUR in the following link verification must be done online in 05/12 before it expires.,1,package_delivery_scam,1,reportsmishing_imc25,real_smishing::delivery::298
Dear Customer Thank you for choosing Aramex Express Your package is waiting for delivery Your package Tracking ID: SA/UG6412830655SA Expected Delivery Date: 05/12 Class: Package Services Service: Delivery Confirmation Status: E-notification sent What should i do? Please confirm your payment of the costs at http://bit.ly/3xK9fQ2 We look forward to supporting your shipping needs. In the meantime If you need to contact us please Call Customer Service at 1-800-555-0199 Regards,1,package_delivery_scam,1,reportsmishing_imc25,real_smishing::delivery::299
Dear SBI user your SBI YONO A/c has been blocked. please update your PAN CARD click here to login your net banking update your PAN No,1,phishing_spoofing,1,reportsmishing_imc25,real_smishing::banking::0
"Your account has been temporarily frozen, to continue usage of your AIB account please visit http://bit.ly/3xK9fQ2 and verify your account.",1,phishing_spoofing,1,reportsmishing_imc25,real_smishing::banking::1
Dear SBI user your SBI YONO Account has been blocked please login to your PAN CARD click here to unlock your PAN number: http://bit.ly/3xK9fQ2,1,phishing_spoofing,1,reportsmishing_imc25,real_smishing::banking::2
"Dear Customer, Get your pension information at your fingertips by registering yourself on new SBI PENSIONSERVA portal. It's simple and works on your android or iOS Mobile also. Please ignore if already registered.",1,phishing_spoofing,1,reportsmishing_imc25,real_smishing::banking::3
Your UnionBank account has been deactivated for security reasons due to a recent data breach. Verify and active your account at:,1,phishing_spoofing,1,reportsmishing_imc25,real_smishing::banking::4
Dear SBI user your SBI YONO Account has been blocked please log in to your PAN CARD click here to unlock your PAN number: http://bit.ly/3xK9fQ2,1,phishing_spoofing,1,reportsmishing_imc25,real_smishing::banking::5
Dear Customer your HDFC Account will be blocked 05/12 please update your PAN CARD,1,phishing_spoofing,1,reportsmishing_imc25,real_smishing::banking::6
Dear Pytm customer your Pytm KYC has been suspended. Call Pytm office PH. 05/12 immediately. Your account will block within 05/12. Thank you Pytm team,1,phishing_spoofing,1,reportsmishing_imc25,real_smishing::banking::7
"Dear SBI user, Your SBI YONO Account will be blocked 05/12 due to incomplete KYC, for the updating PAN CARD Number follow link:-",1,phishing_spoofing,1,reportsmishing_imc25,real_smishing::banking::8
Dear SBI user your SBI YONO Account has been blocked please update your PAN CARD click here to login your net banking update your PAN number http://bit.ly/3xK9fQ2,1,phishing_spoofing,1,reportsmishing_imc25,real_smishing::banking::9
Mudra Yojana 2023 - Rs.D1234567 is ready to sanctioned - Verify your mobile number and check Loan eligibility in 05/12!,1,phishing_spoofing,1,reportsmishing_imc25,real_smishing::banking::10
FNB:-) Your Account is not updated on the 2023 server and will be block in 24hrs. Click-> http://bit.ly/3xK9fQ2 & Update Account FNB,1,phishing_spoofing,1,reportsmishing_imc25,real_smishing::banking::11
"Standard Bank: Please note that your provider notifications cost D1234567,50 per SMS. If you wish to change to FREE email notifications, contact your Relationship Manager. Opt out? Reply stop.",1,phishing_spoofing,1,reportsmishing_imc25,real_smishing::banking::12
Dear HDFC user your HDFC NetBanking Account will be blocked 05/12. Please click on the link and update your PAN CARD Number immediately.,1,phishing_spoofing,1,reportsmishing_imc25,real_smishing::banking::13
Your account has been disabled. Please follow the prompts at http://bit.ly/3xK9fQ2 or call us on 05/12 to restore your access.,1,phishing_spoofing,1,reportsmishing_imc25,real_smishing::banking::14
"You made a one-time transfer of SGD 102.00 to account no. ending with 3436 at 12:11AM, 05/12 SG Time. If unauthorised, call 24/7 Fraud Hotline.",1,phishing_spoofing,1,reportsmishing_imc25,real_smishing::banking::15
DEAR HDFC USER Your Bank A/C has been blocked 05/12. Update PANCARD verify your A/C with login netbanking for KYC click here link,1,phishing_spoofing,1,reportsmishing_imc25,real_smishing::banking::16
Dear user Your SBI YONO ACCOUNT Will Be Blocked 05/12 please update your ...,1,phishing_spoofing,1,reportsmishing_imc25,real_smishing::banking::17
RBF60MMATE Confirmed. You have received Ksh8900.00 from your provider 05/12. New M-PESA balance is ksh8900.00. Pay Bills via M-PESA,1,phishing_spoofing,1,reportsmishing_imc25,real_smishing::banking::18
Dear Customer Your S.B.I NET BANKING account will expire 05/12 to continue services update PAN to your account click http://bit.ly/3xK9fQ2 . SBNCP,1,phishing_spoofing,1,reportsmishing_imc25,real_smishing::banking::19
"Dear Customer, Your PTAM KYC has been expired. To Verified KYC call 1-800-555-0199 immediately your account will not be work within 05/12. Thank you.",1,phishing_spoofing,1,reportsmishing_imc25,real_smishing::banking::20
Nedbank Important Notificat-tion: Update your Nedbank account for 100% security on our 05/12 server.Tap ---> http://bit.ly/3xK9fQ2 to verify and secure.,1,phishing_spoofing,1,reportsmishing_imc25,real_smishing::banking::21
"Your Wells Fargo Bank code is : 583-272. If you did not request this code, to avoid suspension please confirm identification here: http://bit.ly/3xK9fQ2 Wells Fargo would never call you and ask for your personal information.",1,phishing_spoofing,1,reportsmishing_imc25,real_smishing::banking::22
"Dear TATA Cardholder, your request for Reversal of Charges SR#00123456 of Rs.2044.14 on card no. ending 60 has been processed successfully. Kindly click here to share your feedback: http://bit.ly/3xK9fQ2",1,phishing_spoofing,1,reportsmishing_imc25,real_smishing::banking::23
Congratulations Sir you are eligible for a pre-approved loan from Bajaj Finance.,1,phishing_spoofing,1,reportsmishing_imc25,real_smishing::banking::24
Dear PAYTM customer your your area has expired. Contact customer care No.1-800-555-0199 immediately. your account will Block within 05/12. Thank you PAYTM TEAM.,1,phishing_spoofing,1,reportsmishing_imc25,real_smishing::banking::25
"Dear Customer, we need consent to use your details for a Credit Bureau check on your ICICI Bank Credit Card application. To provide consent, SMS AST YES to 05/12. T&C apply.",1,phishing_spoofing,1,reportsmishing_imc25,real_smishing::banking::26
Dear Customer Your SBI Bank Net Banking Account Has Been Suspended by 05/12 Please Update your Pancard now visit the link.,1,phishing_spoofing,1,reportsmishing_imc25,real_smishing::banking::27
New version available: Update your MobileBanking App now as the old version will be discontinued by 15thOct'20 Click: http://bit.ly/3xK9fQ2 Ignore if already updated,1,phishing_spoofing,1,reportsmishing_imc25,real_smishing::banking::28
"Santander has noticed your debit card was recently used on 1-800-555-0199:14:03, at APPLE ONLINE STORE for 1976.00 GBP. If not you please urgently call fraud prevention on 1-800-555-0199 or Intl 1-800-555-0199. Do not reply by SMS. This OTP is to AMEND A PAYEE on a payment. Don't share this code with anyone. Call us immediately if you didn't request this.",1,phishing_spoofing,1,reportsmishing_imc25,real_smishing::banking::29
"your area ALERT, your provider, Suspicious activity has been noticed ,you must confirm your details: http://bit.ly/3xK9fQ2ine/account/",1,phishing_spoofing,1,reportsmishing_imc25,real_smishing::banking::30
Dear customer your sbi yono account has been block 05/12 please update your pan card click here,1,phishing_spoofing,1,reportsmishing_imc25,real_smishing::banking::31
Dear sbi user your sbi yono account will be block http://bit.ly/3xK9fQ2ease click here link update your pan card Number. thank you sbi,1,phishing_spoofing,1,reportsmishing_imc25,real_smishing::banking::32
"Congrats User! Your Account has been credited With Rs 53,452 ...",1,phishing_spoofing,1,reportsmishing_imc25,real_smishing::banking::33
"Straight from your area Police fraud team - Extremely sophisticated scam going 05/12. Definitely Danske bank customers but possibly all banks. You get a message saying a payment hasn’t been taken eg D1234567, EE, (etc) and to click here. DO NOT DO IT!! As soon as you touch it the money is gone. They already have all your details and it’s the most advance scam the banks have ever seen. Pass this on to everyone. Please. The Police are being inundated with calls - thousands flying out of peoples accounts! Spread the word!",1,phishing_spoofing,1,reportsmishing_imc25,real_smishing::banking::34
"Your Acct D1234567 is Credited with Rs 46,370 on 05/12 our team:INF*INTF*23250. Install & Verify details to Receive amount.",1,phishing_spoofing,1,reportsmishing_imc25,real_smishing::banking::35
Dear sbi user your sbi yono account will be block 05/12. please click here link update your pan card Number. thank you sbi,1,phishing_spoofing,1,reportsmishing_imc25,real_smishing::banking::36
Dear S.B.I user your YONO Account will be blocked 05/12. please update your Pan card click here to link http://bit.ly/3xK9fQ2,1,phishing_spoofing,1,reportsmishing_imc25,real_smishing::banking::37
Your PayPal is now blocked. Please re-confirm your identity 05/12 or your account will be permanently closed :,1,phishing_spoofing,1,reportsmishing_imc25,real_smishing::banking::38
Your Kotak credit card payback points worth INR 5670 expired by 05/12. Kindly redeem your points in cash by click here http://bit.ly/3xK9fQ2,1,phishing_spoofing,1,reportsmishing_imc25,real_smishing::banking::39
Absa Bank: Kindly update your Absa Bank details to avoid suspension of account. Please click--> http://bit.ly/3xK9fQ2 to update details. Absa Team,1,phishing_spoofing,1,reportsmishing_imc25,real_smishing::banking::40
Dear Customer Your Kotak Credit Card Points Worth Rs. 05/12 Will Expire By 05/12. Kindly Redeem Your Points In Cash By Click Here,1,phishing_spoofing,1,reportsmishing_imc25,real_smishing::banking::41
Dear Custmer Your ATM Card has been Blocked By State Bank Of Pakistan Due To Non Verification Yet If You Want To Keep Using Your ATM Card Call us 05/12.,1,phishing_spoofing,1,reportsmishing_imc25,real_smishing::banking::42
"IMPORTANT MESSAGE FROM WESTPAC For the safety of our customers due to the recent your provider virus, all customers are required to review and update their personal details. You will be unable to use Westpac services until you have done so. Please go to http://bit.ly/3xK9fQ2 or call us on 132 032.",1,phishing_spoofing,1,reportsmishing_imc25,real_smishing::banking::43
"Dear SBI Customer Your (ATM-DEBIT) CARD Has been BLOCKED For SECURITY REASONS. Apply for New EVM CHIP Card or ACTIVATION, 05/12, 1-800-555-0199",1,phishing_spoofing,1,reportsmishing_imc25,real_smishing::banking::44
Union: Hello credit union account has been put on a hold please verify your account:,1,phishing_spoofing,1,reportsmishing_imc25,real_smishing::banking::45
(BOA) Your account is limited. Please follow the link to securely update your personal information:,1,phishing_spoofing,1,reportsmishing_imc25,real_smishing::banking::46
Dear User your S.B.I your provider will be suspended. 05/12 please Update your PAN Card visit the http://bit.ly/3xK9fQ2,1,phishing_spoofing,1,reportsmishing_imc25,real_smishing::banking::47
Please enter the verification code: D1234567 to continue with your Mobile Money payment. DO NOT SHARE THIS CODE,1,phishing_spoofing,1,reportsmishing_imc25,real_smishing::banking::48
Welcome to yono SBI,1,phishing_spoofing,1,reportsmishing_imc25,real_smishing::banking::49
Dear Customer your HDFC Account has been Suspended 05/12 please Update Your PAN Card Number Click here link,1,phishing_spoofing,1,reportsmishing_imc25,real_smishing::banking::50
Dear SBI YONO USER Your A/C will be blocked 05/12 Update PANCARD for KYC Verify login your provider with. your provider here,1,phishing_spoofing,1,reportsmishing_imc25,real_smishing::banking::51
(-) BROADVIEWFCU- A payment of $850 was declined on your card. if you did not perform this click your provider to your area,1,phishing_spoofing,1,reportsmishing_imc25,real_smishing::banking::52
Your SBI Account is blocked update PAN number. Please update it at the earliest using the following link http://bit.ly/3xK9fQ2 to prevent service interruptions. NAGH,1,phishing_spoofing,1,reportsmishing_imc25,real_smishing::banking::53
"HALIFAX ALERT: You have successfully paired a NEW DEVICE on 19/10 at 14:39PM. If this was NOT you, visit: http://bit.ly/3xK9fQ2",1,phishing_spoofing,1,reportsmishing_imc25,real_smishing::banking::54
Dear customer your AXIS Bank Debit Card points worth Rs 6897 expired by 05/12. Kindly convert your points in cash by clicking here http://bit.ly/3xK9fQ2,1,phishing_spoofing,1,reportsmishing_imc25,real_smishing::banking::55
"Dear SBI user, YONO Account will be blocked 05/12. Please click on the link to update your PAN CARD Number http://bit.ly/3xK9fQ2",1,phishing_spoofing,1,reportsmishing_imc25,real_smishing::banking::56
"Dear Customer your ""HDFC"" Bank A/C Has Been blocked 05/12. Please Follow the Link And update your 'Pan number' Now http://",1,phishing_spoofing,1,reportsmishing_imc25,real_smishing::banking::57
Dear HDFC Customer HDFC Nat BANKING will be Suspended. 05/12 please Update Your PAN CARD Now visit below the link. http://bit.ly/3xK9fQ2 Thank you.,1,phishing_spoofing,1,reportsmishing_imc25,real_smishing::banking::58
"WELLSFARGO: Your your provider pay of $1250 to is on Hold , Visit http://bit.ly/3xK9fQ2 to Confirm or Cancel",1,phishing_spoofing,1,reportsmishing_imc25,real_smishing::banking::59
Your debit card has been restricted due to suspicious activity. Please visit:,1,phishing_spoofing,1,reportsmishing_imc25,real_smishing::banking::60
Dear User Your SBI Y0N0 ACCOUNT will be suspended please update your PAN CARD IMMEDIATELY click here link Thank you http://bit.ly/3xK9fQ2,1,phishing_spoofing,1,reportsmishing_imc25,real_smishing::banking::61
RM0.00 CIMB: You've an incomplete Current/ Savings Account/-i online application. Complete your application now @,1,phishing_spoofing,1,reportsmishing_imc25,real_smishing::banking::62
Dear Customer your State Bank Of India account will be hold please update your KYC click to http://bit.ly/3xK9fQ2 Thanks Immense,1,phishing_spoofing,1,reportsmishing_imc25,real_smishing::banking::63
Dear SBI user Your SBI YONO Account will be block 05/12. Please click link update your PAN CARD Number immediately http://bit.ly/3xK9fQ2 Thank you,1,phishing_spoofing,1,reportsmishing_imc25,real_smishing::banking::64
Dear SBI yono user your account will be block 05/12. please update your PANCARD immediately. click the link http://bit.ly/3xK9fQ2,1,phishing_spoofing,1,reportsmishing_imc25,real_smishing::banking::65
Dear custmer your INDUSIND Card P0INT worth INR 9870 expire by 05/12. Kindly redeem your P0INT in cash by click here: http://bit.ly/3xK9fQ2,1,phishing_spoofing,1,reportsmishing_imc25,real_smishing::banking::66
"your provider, we regret to inform you that basis our SBI Cards internal policy, we are unable to issue a credit card to you at this time",1,phishing_spoofing,1,reportsmishing_imc25,real_smishing::banking::67
"Hello , DBS Bank Just Announced new Software that will probably make hundreds of our team to become Millionaires, Check If You Qualify",1,phishing_spoofing,1,reportsmishing_imc25,real_smishing::banking::68
Bank FirstBank acc no: 1-800-555-0199 acc Name :MAXWELL MARTINS.C.L.O,1,phishing_spoofing,1,reportsmishing_imc25,real_smishing::banking::69
Dear Customer Your SBI BANK Account KYC has been expired please update your account verification link click here to link http://bit.ly/3xK9fQ2,1,phishing_spoofing,1,reportsmishing_imc25,real_smishing::banking::70
Welcome to PayTM your KYC done successful your wallet get 1205 rupees kyc cashback in wallet click in link and login your,1,phishing_spoofing,1,reportsmishing_imc25,real_smishing::banking::71
"Dear HDFC Bank CardMember, REMINDER, to avoid deactivation of your CreditCard, pls sms your PAN# to D1234567 as follows: your area (yourPan#).",1,phishing_spoofing,1,reportsmishing_imc25,real_smishing::banking::72
Dear SBI user your SBI YONO Account has been blocked please clear your PAN CARD click here to login your PAN number: http://bit.ly/3xK9fQ2,1,phishing_spoofing,1,reportsmishing_imc25,real_smishing::banking::73
"From DBS: We noticed suspicious activity on your account and had to suspend it, please verify your identity to resume normal use : https://",1,phishing_spoofing,1,reportsmishing_imc25,real_smishing::banking::74
Please complete your KYC verification process to continue using YONO SBI services. Your cooperation is highly appreciated.,1,phishing_spoofing,1,reportsmishing_imc25,real_smishing::banking::75
Your debit card has been suspended due to an unusual transaction; please double-check your information using this RBFCU Website http://bit.ly/3xK9fQ2,1,phishing_spoofing,1,reportsmishing_imc25,real_smishing::banking::76
Dear user your hdfc bank Account will be blocked! 05/12 please update your PAN CARD click here to link and update,1,phishing_spoofing,1,reportsmishing_imc25,real_smishing::banking::77
Dear SBI user your SBI YONO Account has been blocked please unlock your PAN CARD click here to login your PAN number: http://bit.ly/3xK9fQ2,1,phishing_spoofing,1,reportsmishing_imc25,real_smishing::banking::78
"We have received an application for a Nedbank account with your ID number. If you did not apply or we have the wrong contact number for this message, please contact Nedbank?s Fraud department on 00123456.",1,phishing_spoofing,1,reportsmishing_imc25,real_smishing::banking::79
"your area: you attempted a payment from a new device on 28/10. If this WASN'T you, please visit us on http://bit.ly/3xK9fQ2",1,phishing_spoofing,1,reportsmishing_imc25,real_smishing::banking::80
RM0.00 CIMB:MYR730.56 was charged on your card num 4688 at Agoda Hotel Reservation on 1-800-555-0199:15 ref no: http://bit.ly/3xK9fQ2s Call 1-800-555-0199 for any queries,1,phishing_spoofing,1,reportsmishing_imc25,real_smishing::banking::81
Dear SBI user your SBI your provider...,1,phishing_spoofing,1,reportsmishing_imc25,real_smishing::banking::82
(your provider) : Unusual Withdrawal Request #D1234567. Your Account will be terminated within 05/12. To Unlock Your Account Please click link bellow,1,phishing_spoofing,1,reportsmishing_imc25,real_smishing::banking::83
"[Binance]A withdrawal has been requested from an unknown IP address. If this was not you, follow the steps here: http://bit.ly/3xK9fQ2",1,phishing_spoofing,1,reportsmishing_imc25,real_smishing::banking::84
Dear PAYTM customer your your area has expired. Contact customer care No- 05/12 immediately. your account will Block within 05/12. Thank you PAYTM TEAM.,1,phishing_spoofing,1,reportsmishing_imc25,real_smishing::banking::85
"A Scheduled Debit Order was processed using your ATM card details; Amt: D1234567,999.98, Ref 102e2, 05/12. To CANCEL this request, Go to",1,phishing_spoofing,1,reportsmishing_imc25,real_smishing::banking::86
"Dear HDFC Customer, You recently added a nominee. You can send funds now. To report this Log in http://bit.ly/3xK9fQ2 and follow the instructions.",1,phishing_spoofing,1,reportsmishing_imc25,real_smishing::banking::87
Dear HDFC user your HDFC Netbanking will be Block Today. Please click on the link and update your PAN-card no. immediately http://bit.ly/3xK9fQ2 HDFC,1,phishing_spoofing,1,reportsmishing_imc25,real_smishing::banking::88
"Dear user, your area has been http://bit.ly/3xK9fQ2ll us@ 05/12 http://bit.ly/3xK9fQ2r account service will blocked within http://bit.ly/3xK9fQ2ankyou",1,phishing_spoofing,1,reportsmishing_imc25,real_smishing::banking::89
Dear SBI YONO User your account will be blocked please update your PAN CARD immediately given via link,1,phishing_spoofing,1,reportsmishing_imc25,real_smishing::banking::90
"Your your provider will be your area ,Click http://bit.ly/3xK9fQ2 to update now and keep active on the 2022 server",1,phishing_spoofing,1,reportsmishing_imc25,real_smishing::banking::91
"StandardB: A payment has been placed from a new device. If this was not you, follow the steps via:",1,phishing_spoofing,1,reportsmishing_imc25,real_smishing::banking::92
Capital One:Alerts: We wont call you for this code. The temporary code you requested is D1234567. Please use this code to complete your request. If you did not initiate this action secure your account now http://bit.ly/3xK9fQ2,1,phishing_spoofing,1,reportsmishing_imc25,real_smishing::banking::93
"Due to new Revolut Business ESC Law Regulations, please visit http://bit.ly/3xK9fQ2 to confirm your identity.",1,phishing_spoofing,1,reportsmishing_imc25,real_smishing::banking::94
Dear SBI user your SBI YONO Account has been blocked please update your PAN CARD click here to login your net banking update your Pan number http://bit.ly/3xK9fQ2,1,phishing_spoofing,1,reportsmishing_imc25,real_smishing::banking::95
"Your registration for UPI app has started. If it was not you, report now to your bank. Do not share card details/OTP/CVV with anyone to avoid financial loss.",1,phishing_spoofing,1,reportsmishing_imc25,real_smishing::banking::96
Congrats your A/C No. XXXXX can be Credited with Rs. 500 Verify your Email Id and your provider now,1,phishing_spoofing,1,reportsmishing_imc25,real_smishing::banking::97
Macu Alert: We noticed unusual activities on your account! Logon http://bit.ly/3xK9fQ2 to review and manage your information. Your Safety is our our team,1,phishing_spoofing,1,reportsmishing_imc25,real_smishing::banking::98
"Bank Confirmation, Your Loan amount 25,00,000 is Credited Get More details",1,phishing_spoofing,1,reportsmishing_imc25,real_smishing::banking::99
Dear SBI USER A/C will be blocked 05/12. Update PAN CARD for KYC verify login your provider with your provider here http://bit.ly/3xK9fQ2,1,phishing_spoofing,1,reportsmishing_imc25,real_smishing::banking::100
FNB:-) Your Account is not updated on the 2023 server and will be blocked in 05/12. Click-> http://bit.ly/3xK9fQ2 & Update Account,1,phishing_spoofing,1,reportsmishing_imc25,real_smishing::banking::101
"We tried to contact you regarding your online Banking, Please verify your account details.",1,phishing_spoofing,1,reportsmishing_imc25,real_smishing::banking::102
Dear Customer your State Bank account will be hold please update your your provider immediately click to http://bit.ly/3xK9fQ2 Thanks,1,phishing_spoofing,1,reportsmishing_imc25,real_smishing::banking::103
"Dear Paytm User, Your Paytm A/C KYC has expired. Call Immediately for Verification or A/C with be blocked in 05/12. Call Paytm Office Ph 05/12",1,phishing_spoofing,1,reportsmishing_imc25,real_smishing::banking::104
Dear Customer your SBI YONO NETBANKING Account http://bit.ly/3xK9fQ2 update your PAN card KYC immediately click the link http://bit.ly/3xK9fQ2,1,phishing_spoofing,1,reportsmishing_imc25,real_smishing::banking::105
SBI YONO USER Your A/C will be blocked. By 05/12 Please update your PANCARD Number click here,1,phishing_spoofing,1,reportsmishing_imc25,real_smishing::banking::106
Dear Customer Your PAYTM Wallet Has been Blocked and Hold Your Amount Please your provider 05/12,1,phishing_spoofing,1,reportsmishing_imc25,real_smishing::banking::107
"Ur registration for SBI Pay has started. If it's not u, plz report to ur bank immediately. DON'T SHARE ur card details/OTP/CVV to avoid any financial loss.",1,phishing_spoofing,1,reportsmishing_imc25,real_smishing::banking::108
Please activate SCA security with your Card Reader within 05/12 to avoid losing access to your account. Go to http://bit.ly/3xK9fQ2 and follow the steps.,1,phishing_spoofing,1,reportsmishing_imc25,real_smishing::banking::109
Dear Customer Your ATM Card Has Been Blocked By State Bank Because You Have Not Update Yet If You Want To Keep Using Your ATM Card Contact Us At: 05/12.,1,phishing_spoofing,1,reportsmishing_imc25,real_smishing::banking::111
Dear Customer your SBI YONO NET BANKING and Account Will be Suspended Today Please your provider now visit the link,1,phishing_spoofing,1,reportsmishing_imc25,real_smishing::banking::112
Dear SBI user your SBI YONO Account has been blocked please reactivate your PAN CARD click here to login your PAN number: http://bit.ly/3xK9fQ2,1,phishing_spoofing,1,reportsmishing_imc25,real_smishing::banking::113
[ Notification ] Update your payment details as soon as possible. We're having some trouble with your current billing information. Click link below to update your billing information :,1,phishing_spoofing,1,reportsmishing_imc25,real_smishing::banking::114
Dear User SBI Account Will Be Blocked 05/12 please update your PAN Card Number Thank You SBI Bank click here http://bit.ly/3xK9fQ2 Thank you SBI Team,1,phishing_spoofing,1,reportsmishing_imc25,real_smishing::banking::115
Dear Customer your SBI Netbanking Account will be Suspended by 05/12 please update your PAN Card now visit the link http://bit.ly/3xK9fQ2 ONLINE -KYC-SBI-TEAM,1,phishing_spoofing,1,reportsmishing_imc25,real_smishing::banking::117
Dear customer your sbi YONO account will be suspended by 05/12 please update your pan card now visit the link http://bit.ly/3xK9fQ2; Dear customer your sbi YONO account will be suspended by 05/12 please update your pan card now visit the link http://bit.ly/3xK9fQ2,1,phishing_spoofing,1,reportsmishing_imc25,real_smishing::banking::118
Dear SBI Customer Your SBI YONO Account has been Suspended 05/12 please Update Your PAN Card number Click here link http://bit.ly/3xK9fQ2,1,phishing_spoofing,1,reportsmishing_imc25,real_smishing::banking::119
Commbank: Your account was locked and requires additional verification.,1,phishing_spoofing,1,reportsmishing_imc25,real_smishing::banking::120
Dear SBI user your SBI YONO Account has been blocked please update your PAN CARD click here to login your net banking update your PAN number,1,phishing_spoofing,1,reportsmishing_imc25,real_smishing::banking::121
"Your access is disabled due to unusual transactions with your card. To restore your account, follow the steps on the link: http://bit.ly/3xK9fQ2",1,phishing_spoofing,1,reportsmishing_imc25,real_smishing::banking::122
"Dear Customer, Citi may contact you from 1-800-555-0199 for verification, in case we notice any suspicious transaction on your Credit card in future. We recommend that you save this number in your phone's contact list and answer the call to help us serve you better.",1,phishing_spoofing,1,reportsmishing_imc25,real_smishing::banking::123
EU regulations have recently changed we need to verify your account to avoid restrictions follow the instructions at: http://bit.ly/3xK9fQ2,1,phishing_spoofing,1,reportsmishing_imc25,real_smishing::banking::124
Hello your credit union --- account has been placed on hold please verify your account follow https://continue1/,1,phishing_spoofing,1,reportsmishing_imc25,real_smishing::banking::125
COMERICA : Your Comerica banking profile has shown some irregularities. Visit http://bit.ly/3xK9fQ2 to update your online banking profile.,1,phishing_spoofing,1,reportsmishing_imc25,real_smishing::banking::126
"HALIFAX: A device has attempted a login to mobile banking on 13/01. If you do NOT recognise this, please visit: your provider",1,phishing_spoofing,1,reportsmishing_imc25,real_smishing::banking::129
your provider-Did You Attempt A Zelle Payment For The Amount of $5000.00? Reply YES or NO Or 1 To Decline Fraud Alerts,1,phishing_spoofing,1,reportsmishing_imc25,real_smishing::banking::130
Dear user your HDFC bank account will be suspended ! 05/12 please update you PAN CARD click here our team Thank you,1,phishing_spoofing,1,reportsmishing_imc25,real_smishing::banking::131
"Dear Customer, we notice that you have attempted to apply for a moratorium. Please note that your application was not complete and hence could not be registered. Request you to click on http://bit.ly/3xK9fQ2 and complete your application. Thank you for your patience. T&C apply. Stay Safe. Bank from Home!",1,phishing_spoofing,1,reportsmishing_imc25,real_smishing::banking::132
Txn of INR 483.07 done on Acct D1234567 on http://bit.ly/3xK9fQ2: VSI*Amazon ca.Avbl Call 1-800-555-0199 for dispute or SMS BLOCK 553 to 1-800-555-0199,1,phishing_spoofing,1,reportsmishing_imc25,real_smishing::banking::135
Dear SBI user your SBI YONO Account has been blocked please recover your PAN CARD click here to login your PAN Number: http://bit.ly/3xK9fQ2,1,phishing_spoofing,1,reportsmishing_imc25,real_smishing::banking::138
Dear user your SBI YONO Account will be close 05/12 click here on the link update your PAN CARD Number http://bit.ly/3xK9fQ2 SBI TEAM,1,phishing_spoofing,1,reportsmishing_imc25,real_smishing::banking::139
Dear PATYM customer your PATYM eKYC has been expire 05/12 please call customer care no 1-800-555-0199 immediately your PATYM account will block 05/12's Thank You,1,phishing_spoofing,1,reportsmishing_imc25,real_smishing::banking::140
Dear Paytm Customer your KYC has been suspended. Paytm office PH 1-800-555-0199 Call Immediately. Your account will block with in 05/12 Thank you Paytm Team,1,phishing_spoofing,1,reportsmishing_imc25,real_smishing::banking::141
Dear User Your HDFC Bank Account Will be Suspended! 05/12 please Update Your PAN Card number Click here link,1,phishing_spoofing,1,reportsmishing_imc25,real_smishing::banking::142
"Dear Customer, Your ICICI Credit Card Points Worth Rs.6889 Will Expire By 05/12. Kindly Redeem Points In Cashback By Clicking http://bit.ly/3xK9fQ2",1,phishing_spoofing,1,reportsmishing_imc25,real_smishing::banking::143
"HSBC: A payment was attempted from a new device. If this was not you, please...",1,phishing_spoofing,1,reportsmishing_imc25,real_smishing::banking::144
"Dear user, Your P-T-E-M a/c has been closed 05/12. Please call us 05/12 immediately. Your a/c will discontinue within 05/12. Thank you.",1,phishing_spoofing,1,reportsmishing_imc25,real_smishing::banking::145
"Now login at http://bit.ly/3xK9fQ2 through registered mobile number to check balance, recharge, view transaction details, etc. for your ICICI Bank FASTag. T&C apply.",1,phishing_spoofing,1,reportsmishing_imc25,real_smishing::banking::147
Dear user your HDFC NetBanking will be Blocked 05/12 update your pancard immediately click here link http://bit.ly/3xK9fQ2 thanks,1,phishing_spoofing,1,reportsmishing_imc25,real_smishing::banking::148
"Your account is suspended, log in to the account for verification.",1,phishing_spoofing,1,reportsmishing_imc25,real_smishing::banking::149
Dear Customer Your SBI YONO account has been blocked ! 05/12 Please update your Pan Card,1,phishing_spoofing,1,reportsmishing_imc25,real_smishing::banking::150
"Yello, as requested by your bank, from 05/12, we will start charging you directly for USSD access to banking services. Please contact your bank for more info.",1,phishing_spoofing,1,reportsmishing_imc25,real_smishing::banking::151
Dear customer your SBI Credit Card points worth Rs 6897 expired by 05/12. Kindly convert your point in cash by clicking here,1,phishing_spoofing,1,reportsmishing_imc25,real_smishing::banking::152
Dear Customer your SBI NET-BANKING will be block 05/12. please update your PAN-CARD click here link http://bit.ly/3xK9fQ2,1,phishing_spoofing,1,reportsmishing_imc25,real_smishing::banking::153
TRANSFER TO 00123456 - PMJJBY RENEWAL SBIJB014050202312511 D1234567,1,phishing_spoofing,1,reportsmishing_imc25,real_smishing::banking::154
Dear customer your sbi YONO account will be suspended by 05/12 please update your pan card now visit the link,1,phishing_spoofing,1,reportsmishing_imc25,real_smishing::banking::155
Dear customer your SBI CREDIT CARD point worth Rs 6897 expired by 05/12. Kindly convert your points into cash by click here,1,phishing_spoofing,1,reportsmishing_imc25,real_smishing::banking::156
UNIONBANK: Your registered mobile number needs to be repudate. Please repudate here: http://bit.ly/3xK9fQ2,1,phishing_spoofing,1,reportsmishing_imc25,real_smishing::banking::158
Dear Customer Your SBI Bank account will be suspend 05/12 please click here to link and update your Pan no immediately.,1,phishing_spoofing,1,reportsmishing_imc25,real_smishing::banking::159
Dear Customer your SBI Netbanking Account will be Suspended by 05/12 please update your PAN Card now visit the link http://bit.ly/3xK9fQ2 Dear Customer your SBI Netbanking Account will be Suspended by 05/12 please update your PAN Card now visit the link http://bit.ly/3xK9fQ2,1,phishing_spoofing,1,reportsmishing_imc25,real_smishing::banking::160
Dear Customer your pyatm wallet Has been booked and hold Your amount please complete your kyc contact customer care,1,phishing_spoofing,1,reportsmishing_imc25,real_smishing::banking::161
We have temporarily suspended your debit and credit card. because you did not updated yet. if you want to reactivate immediate call us 31XXXXX48 at once.,1,phishing_spoofing,1,reportsmishing_imc25,real_smishing::banking::162
Your MobiKwik One Time Password(OTP) is 05/12. Don't share it with anyone. We don't call/email you to verify your provider. your provider is valid for 05/12.,1,phishing_spoofing,1,reportsmishing_imc25,real_smishing::banking::163
Scotiabank security system has detected some unusual activity. Please verify your identity in order to avoid suspension.,1,phishing_spoofing,1,reportsmishing_imc25,real_smishing::banking::164
Dear custmer your SBI credit crd rward P0ints worth IN 05/12 expred by 05/12. Kindly redeem your P0ints in csh by click here,1,phishing_spoofing,1,reportsmishing_imc25,real_smishing::banking::165
A temporary block has been placed on your ANZ account until an account holder confirms his identity by clicking on the link,1,phishing_spoofing,1,reportsmishing_imc25,real_smishing::banking::166
Dear sbi user Dear Your SBI YONO ACCOUNT Will Be BLOCKED Today Update Your aadhar pan Card UPDATE Click link: http://bit.ly/3xK9fQ2 Thank you sbi.,1,phishing_spoofing,1,reportsmishing_imc25,real_smishing::banking::167
Dear user Your SBI Bank A/C will be Closed please update Your Pen Card click on link http://bit.ly/3xK9fQ2,1,phishing_spoofing,1,reportsmishing_imc25,real_smishing::banking::168
Dear customer your SBI account has been block please update pancard immediately click hear http://bit.ly/3xK9fQ2 SBI TEAM,1,phishing_spoofing,1,reportsmishing_imc25,real_smishing::banking::169
Dear Customer Your SBI Credit Card Points Worth Rs.4878 Will Expire By 05/12. Kindly Redeem Your Points In Cash By Click Here http://bit.ly/3xK9fQ2 - CSHBACK,1,phishing_spoofing,1,reportsmishing_imc25,real_smishing::banking::170
Dear customer your kotak Mahindra bank account has been suspended update your account 10 min click here link update your account,1,phishing_spoofing,1,reportsmishing_imc25,real_smishing::banking::171
DEAR HDFC USER your A/C will be blocked 05/12 update PAN CARD verification for EKYC immediately from here,1,phishing_spoofing,1,reportsmishing_imc25,real_smishing::banking::172
Dear SBI user your SBI YONO A/c has been blocked please update your PAN CARD click here to login your net banking update your PAN numbar,1,phishing_spoofing,1,reportsmishing_imc25,real_smishing::banking::173
Dear SBI user your SBI YONO Account has been blocked please revert your PAN CARD click here to login your PAN number: http://bit.ly/3xK9fQ2,1,phishing_spoofing,1,reportsmishing_imc25,real_smishing::banking::174
Dear PAYTM customer your your area has expired. Contact customer care No- 1-800-555-0199 immediately . your account will Block within 05/12. Thank you PAYTM TEAM.,1,phishing_spoofing,1,reportsmishing_imc25,real_smishing::banking::176
Dear customer your BANK OF MAHARASHTRA A/c has been blocked. Please update your PAN CARD verification. Click here to verify immediately,1,phishing_spoofing,1,reportsmishing_imc25,real_smishing::banking::179
"Confirmed. You have received Ksh 17,500 from your provider. New M-PESA balance Ksh(LOCKED). Pay bills via M-PESA.",1,phishing_spoofing,1,reportsmishing_imc25,real_smishing::banking::180
"Dear Customer, please upgrade to new version of UMobile app for all your Banking needs. Download now : http://bit.ly/3xK9fQ2 Union Bank of India",1,phishing_spoofing,1,reportsmishing_imc25,real_smishing::banking::181
Citizens: We are contacting you about an Exxon-Mobil charge made with you card. Visit https://,1,phishing_spoofing,1,reportsmishing_imc25,real_smishing::banking::182
Dear customer your sbi yono account has been block 05/12 please update your pan card http://bit.ly/3xK9fQ2ik the link,1,phishing_spoofing,1,reportsmishing_imc25,real_smishing::banking::183
Dear Customer we need consent to use your details for a Credit Bureau check on your ICICI Bank Credit Card application. To provide consent SMS AST YES to 05/12. T&C apply.,1,phishing_spoofing,1,reportsmishing_imc25,real_smishing::banking::185
"CIMB: ePayment RM64.00 to ALIPAY MALAYSIA/- accepted on 05/12, 22:49:51 PM. Call the no at the back of your card for queries.",1,phishing_spoofing,1,reportsmishing_imc25,real_smishing::banking::186
Dear customer your SBI Net Banking account has been blocked please check your A/C details click here to login your net banking,1,phishing_spoofing,1,reportsmishing_imc25,real_smishing::banking::187
dear SBI user Your YONO Account will be blocked 05/12. Please click on the link to update your PAN CARD Number,1,phishing_spoofing,1,reportsmishing_imc25,real_smishing::banking::188
Your financial proof upload was rejected. You can re-upload a valid proof on Console. Please check your email for more details. http://bit.ly/3xK9fQ2,1,phishing_spoofing,1,reportsmishing_imc25,real_smishing::banking::189
Dear SBI user your SBI Account will be Block Today Please click on the link and update your PAN no. immiedately-,1,phishing_spoofing,1,reportsmishing_imc25,real_smishing::banking::190
TymeBank:A third-party payment has been scheduled to be debited from your account by 05/12.TAP http://bit.ly/3xK9fQ2 to http://bit.ly/3xK9fQ2th FSB.T&C,1,phishing_spoofing,1,reportsmishing_imc25,real_smishing::banking::191
"Dear Customer Your SBI Bank Net Banking Account Has Been Suspended by 05/12. Please update your Pancard, now visit the link.",1,phishing_spoofing,1,reportsmishing_imc25,real_smishing::banking::192
Dear Customer Your PayTM KYC Has been expired Today Please call Customer care no 1-800-555-0199 immediately Your PayTM Account blocked within http://bit.ly/3xK9fQ2ank YOU,1,phishing_spoofing,1,reportsmishing_imc25,real_smishing::banking::193
Dear User Your SBI Account disabled. Please click the link to update your PAN Card Click here http://bit.ly/3xK9fQ2 SRI INDIA,1,phishing_spoofing,1,reportsmishing_imc25,real_smishing::banking::195
Dear PAYTM User Your PAYTM A/C K.Y.C Has Been Expired Call immediately For Verification A/c Will Be Blocked Within 24hr PAYTM OFFICE PH,1,phishing_spoofing,1,reportsmishing_imc25,real_smishing::banking::196
"Hi, don't forget to avail this amazing offer on 24x7 Personal Loans. Pay EMI as low as Rs.2,212 per lakh. Apply now your provider . T&C- Axis Bank",1,phishing_spoofing,1,reportsmishing_imc25,real_smishing::banking::197
Dear Customer your SBI Account YONO and net banking will be Suspend today Please your provider now click here,1,phishing_spoofing,1,reportsmishing_imc25,real_smishing::banking::198
Dear customer your hdfc Bank account will be suspended Please click on the link to update your pan card,1,phishing_spoofing,1,reportsmishing_imc25,real_smishing::banking::199
Dear SBI Customer Your SBI YONO Account has been Suspended 05/12 please Update Your PAN Card number Click here link: http://bit.ly/3xK9fQ2,1,phishing_spoofing,1,reportsmishing_imc25,real_smishing::banking::200
Commonwealth bank: Your account is locked. Unlock it manually,1,phishing_spoofing,1,reportsmishing_imc25,real_smishing::banking::201
Your NAB account has been blocked for unusual activity. Please log on to: http://bit.ly/3xK9fQ2 and follow the unlock procedure. NAB,1,phishing_spoofing,1,reportsmishing_imc25,real_smishing::banking::202
Dear Customer your SBI bank account has been suspended for KYC Please Complete your KYC 10 min click here link,1,phishing_spoofing,1,reportsmishing_imc25,real_smishing::banking::203
"Your account access has been restricted due to an unusual payment request, if this was NOT you proceed here: your provider",1,phishing_spoofing,1,reportsmishing_imc25,real_smishing::banking::205
Rs 8224 spent on your your provider card ***** ***** ***** 8001 at Bharat Sanchar Nigam,1,phishing_spoofing,1,reportsmishing_imc25,real_smishing::banking::206
Dear Customer Your SBI A/c will be blocked 05/12 Please Update your PAN CARD Click here http://bit.ly/3xK9fQ2,1,phishing_spoofing,1,reportsmishing_imc25,real_smishing::banking::207
Your Axis Credit Card Rewards Points Worth Rs.4981 will expire by 05/12. Kindly Redeem your points in Cash Click here http://bit.ly/3xK9fQ2,1,phishing_spoofing,1,reportsmishing_imc25,real_smishing::banking::208
Maintenance: Chase Backups Service Update On 05/12 12:00 UTC (05/12) Action Immediate Required,1,phishing_spoofing,1,reportsmishing_imc25,real_smishing::banking::209
Dear Customer your S.B.I your provider will be suspended. 05/12 please Update your PAN Card visit the link,1,phishing_spoofing,1,reportsmishing_imc25,real_smishing::banking::210
Thankyou for your interest in SBI Credit Card. Please send this SMS(without change) to within 05/12 as consent for Bureau info,1,phishing_spoofing,1,reportsmishing_imc25,real_smishing::banking::212
Order Confirmed! Congratulation on your purchase of 0.047 BTC using paypal Amount 379.97 AUD paid via Credit/Debit card. Queries? Contact us 1-800-555-0199,1,phishing_spoofing,1,reportsmishing_imc25,real_smishing::banking::213
Dear S.B.I user your Y0N0 Account will be blocked http://bit.ly/3xK9fQ2ease update your pan card click here to link http://bit.ly/3xK9fQ2,1,phishing_spoofing,1,reportsmishing_imc25,real_smishing::banking::214
Notice:- ASHUTOSH_SHARMAPolice case may get filed U/s 420 IPC due to Non Payment of your area loan of Rs12060Pay urgently or call at 1-800-555-0199 RegMlegal,1,phishing_spoofing,1,reportsmishing_imc25,real_smishing::banking::215
Dear customer your ICICI SAVING BANK point worth Rs 8897 expired by 05/12. Kindly convert your points into cash by click here http://bit.ly/3xK9fQ2,1,phishing_spoofing,1,reportsmishing_imc25,real_smishing::banking::216
Dear user Your SBI YONO account has been blocked ! 05/12 Please update your Pan Card,1,phishing_spoofing,1,reportsmishing_imc25,real_smishing::banking::217
Dear paytm customer your KYC has been suspended. Paytm office ph 05/12 call immediately. Your account will be blocked within 05/12. Thank you paytm team.,1,phishing_spoofing,1,reportsmishing_imc25,real_smishing::banking::218
WELLSFARGO. Update ID#nEUv Security update requested! Please Log in to restore access:,1,phishing_spoofing,1,reportsmishing_imc25,real_smishing::banking::219
DEAR SBI YONO USER Your A/c-will be blocked 05/12 updated-PANCARD for KYC Verify your account login with NetBanking click link.,1,phishing_spoofing,1,reportsmishing_imc25,real_smishing::banking::220
Dear customer your KOT.K MHINDRA BANK A/c will be close . Please complete your verification. Please click on this link http://bit.ly/3xK9fQ2,1,phishing_spoofing,1,reportsmishing_imc25,real_smishing::banking::221
Dear SBI user your SBI YONO A/c has been blocked. please update your PAN CARD click here to login your net banking update your PAN no,1,phishing_spoofing,1,reportsmishing_imc25,real_smishing::banking::222
ONLINE CHASE - Security update requested! Please Log in to restore: http://bit.ly/3xK9fQ2,1,phishing_spoofing,1,reportsmishing_imc25,real_smishing::banking::223
Credit Union: Hello your credit union account has been placed on hold please verify your account below http://bit.ly/3xK9fQ2,1,phishing_spoofing,1,reportsmishing_imc25,real_smishing::banking::224
TymeBank:- A third-party payment has been scheduled to be debited from your account by 05/12.TAP http://bit.ly/3xK9fQ2 to view.T&C's apply's.,1,phishing_spoofing,1,reportsmishing_imc25,real_smishing::banking::225
Dear Customer your HDFC Account will be blocked 05/12 please update your PAN CARD...,1,phishing_spoofing,1,reportsmishing_imc25,real_smishing::banking::226
"Dear customer, Your SBI account has been blocked. Please update your KYC in click here link -",1,phishing_spoofing,1,reportsmishing_imc25,real_smishing::banking::227
FNB:-)Your card will be deactivated within 05/12 if pin not http://bit.ly/3xK9fQ2is apply to all debit & Credit card.A Division of FRB Ltd,1,phishing_spoofing,1,reportsmishing_imc25,real_smishing::banking::229
Dear user SBI BANK Account will be Blocked 05/12. Please Update...,1,phishing_spoofing,1,reportsmishing_imc25,real_smishing::banking::230
Instant redeem your Kotak credit card points before expiring by 05/12 worth INR 5670 visit here http://bit.ly/3xK9fQ2,1,phishing_spoofing,1,reportsmishing_imc25,real_smishing::banking::231
Kindly Update Your Standard Bank Account to avoid Block on App and URL http://bit.ly/3xK9fQ2 Update Tap => http://bit.ly/3xK9fQ2 & Validate your Details,1,phishing_spoofing,1,reportsmishing_imc25,real_smishing::banking::232
"Dear Customer as regard to cashless policy,Your Account,ATM has been locked due to change in date of birth,to activate call customer care 1-800-555-0199 to rectify",1,phishing_spoofing,1,reportsmishing_imc25,real_smishing::banking::235
Dear Customer your SBI Netbanking Account will be Suspended by 05/12. please Update your PANCARD now visit the link http://bit.ly/3xK9fQ2,1,phishing_spoofing,1,reportsmishing_imc25,real_smishing::banking::236
Dear Customer Your SBI Credit Card Points Worth INR 9547 expired by 05/12. Kindly redeem Your Points in Cash By Click Here,1,phishing_spoofing,1,reportsmishing_imc25,real_smishing::banking::237
Dear Customer your AXIS credit card points worth INR 4560 expired by 05/12. Kindly redeem your points in cash by click here,1,phishing_spoofing,1,reportsmishing_imc25,real_smishing::banking::238
Dear Customer Your SBI YONO account has been suspended 05/12 please update your PAN Card Immediately via given link,1,phishing_spoofing,1,reportsmishing_imc25,real_smishing::banking::239
Wells/Verification: We have put security hold on your debit. Follow http://bit.ly/3xK9fQ2 to unlock now,1,phishing_spoofing,1,reportsmishing_imc25,real_smishing::banking::240
Dear Customer Your Phone Pe KYC Has been expired Today Please call Customer care no 1-800-555-0199 immediately Your Phone Pe Account blocked within http://bit.ly/3xK9fQ2ank YOU,1,phishing_spoofing,1,reportsmishing_imc25,real_smishing::banking::241
"Dear user, Your P-T-M a/c has been closed 05/12. Please call us immediately. Your a/c will discontinue within 05/12. Thank you.",1,phishing_spoofing,1,reportsmishing_imc25,real_smishing::banking::242
Dear SBI Customer Your SBI YONO Account has been Suspended by 05/12 please your provider number Click the link http://bit.ly/3xK9fQ2,1,phishing_spoofing,1,reportsmishing_imc25,real_smishing::banking::243
Dear SBI user your SBI YONO A/C has been blocked please update your PAN CARD click here to login your net banking update your PAN no,1,phishing_spoofing,1,reportsmishing_imc25,real_smishing::banking::244
Update! INR 139.00 deposited in HDFC Bank A/c D1234567 on 05/12 for Credit Interest Capitalised.Avl bal INR 16729.13. Cheque deposits in A/C are subject to clearing,1,phishing_spoofing,1,reportsmishing_imc25,real_smishing::banking::245
Hi SBI Customer. Your account is temporarily locked due to suspicious activity. Please click http://bit.ly/3xK9fQ2 and follow the instructions. RADHT,1,phishing_spoofing,1,reportsmishing_imc25,real_smishing::banking::246
Dear SBI Customer Your SBI YONO Account has been Suspended 05/12 please Update Your PAN Card number Click here link http://bit.ly/3xK9fQ2 Thank you.,1,phishing_spoofing,1,reportsmishing_imc25,real_smishing::banking::247
Dear Customer SBI?BANKING? Account Closed 05/12 Contact Now! Update your PANCARD? Number Below Link http://bit.ly/3xK9fQ2 Thanks your provider. AKEDUA,1,phishing_spoofing,1,reportsmishing_imc25,real_smishing::banking::248
your provider Your PTEAM KYC has been http://bit.ly/3xK9fQ2ll us@1-800-555-0199 http://bit.ly/3xK9fQ2r account will blocked within http://bit.ly/3xK9fQ2ank you,1,phishing_spoofing,1,reportsmishing_imc25,real_smishing::banking::249
"9823XXXX61, received payment of Rs 5500.00 by PAYTM. Txn ID 9908XX25X. Download now and your provider to Receive your amount. TnC",1,phishing_spoofing,1,reportsmishing_imc25,real_smishing::banking::250
Alert: A/c no. ending with 5432 is credited with Rs 12000 on 02-02-23 by a/c linked to VPA (Ref No 273647XXX). Check Balance here: http://bit.ly/3xK9fQ2,1,phishing_spoofing,1,reportsmishing_imc25,real_smishing::banking::251
"Dear Investor, Your request for redemption in UTI-Equity Fund on 05/12 under Folio: XXXXXX790826 for 1500.000 units / Rs.D1234567.25 is processed. UTI MF",1,phishing_spoofing,1,reportsmishing_imc25,real_smishing::banking::252
DEAR TRADER:- your provider Has Been Deactivated On The API KEYS Due To Lack Of Updates. TAP-> http://bit.ly/3xK9fQ2 To Validate Account On SSL. TEAM LUNO,1,phishing_spoofing,1,reportsmishing_imc25,real_smishing::banking::254
"Your A/C XXXXXXXX6596 can Be credited with Rs.10,25000. Check Now!",1,phishing_spoofing,1,reportsmishing_imc25,real_smishing::banking::255
Dear user your SBI Y0N0 Account will be blocked http://bit.ly/3xK9fQ2ease click here link update your PAN CARD Number. Thank you SBI,1,phishing_spoofing,1,reportsmishing_imc25,real_smishing::banking::256
You have successfully added your A/c no. XXXXX83 to your provider app - Axis Bank,1,phishing_spoofing,1,reportsmishing_imc25,real_smishing::banking::257
Dear user your bank card has been block Because you have not update yet if you want to keep using your ATM card please call this number 1-800-555-0199,1,phishing_spoofing,1,reportsmishing_imc25,real_smishing::banking::258
Dear SBI user your SBI YONO Account will be block 05/12 please click here on the link update your PAN CARD Number. Thank you,1,phishing_spoofing,1,reportsmishing_imc25,real_smishing::banking::260
Dear Customer Your SBI Account is disabled. Please click the link to update your PAN Number http://bit.ly/3xK9fQ2,1,phishing_spoofing,1,reportsmishing_imc25,real_smishing::banking::261
Your PayPal is disabled. Please re-confirm your identity 05/12 or your account will be closed.,1,phishing_spoofing,1,reportsmishing_imc25,real_smishing::banking::263
Dear customer your STANDARD CHARTERED Visa Card point worth Rs 6897 expired by 05/12. Kindly convert your point in cash by click here,1,phishing_spoofing,1,reportsmishing_imc25,real_smishing::banking::264
Dear PAYTM User Your PAYTM A/C K.Y.C Has Been Expired Call immediately For Verification A/c will be Blocked Within 24hr PAYTM OFFICE PH 05/12,1,phishing_spoofing,1,reportsmishing_imc25,real_smishing::banking::265
"Dear Customer, your ICICI Bank Credit Card Application 00123456 is under process. The final status will be communicated to you within 05/12.",1,phishing_spoofing,1,reportsmishing_imc25,real_smishing::banking::266
Dear SBI user your SBI Netbanking will be blocked 05/12 please click here on the link. http://bit.ly/3xK9fQ2 Immediately. update your PAN CARD.,1,phishing_spoofing,1,reportsmishing_imc25,real_smishing::banking::267
REGIONSBANK - Our team locked your debit on 05/12. Please visit : http://bit.ly/3xK9fQ2 to unlock it. Reply STOP to OPT OUT,1,phishing_spoofing,1,reportsmishing_imc25,real_smishing::banking::268
Dear customer your SBI CARD points worth INR 8672 expired by 05/12. Kindly redeem your points in cash by clicking here,1,phishing_spoofing,1,reportsmishing_imc25,real_smishing::banking::269
Open Zero Balance A/c with Kotak Mahindra Bank & get Assured Cashbacks on transactions. Click here http://bit.ly/3xK9fQ2 to avail this offer. *T&C apply,1,phishing_spoofing,1,reportsmishing_imc25,real_smishing::banking::270
Dear customer your SBI card points worth INR 05/12 expired by 05/12. Kindly redeem your points in cash by clicking here,1,phishing_spoofing,1,reportsmishing_imc25,real_smishing::banking::271
Dear PAYTM User Your PAYTM A/C K.Y.C Has Been Expired Call immediately For Verification A/C will be Blocked Within 24hr PAYTM OFFICE PH 05/12,1,phishing_spoofing,1,reportsmishing_imc25,real_smishing::banking::272
"Your your provider bank account verification is invalid, please enter the correct login ID again",1,phishing_spoofing,1,reportsmishing_imc25,real_smishing::banking::273
Dear Customer your SBI YONO Account Will be Suspended Today Please your provider now visit the link http://bit.ly/3xK9fQ2,1,phishing_spoofing,1,reportsmishing_imc25,real_smishing::banking::274
Hello your credit union account has been placed on hold please verify your account follow https://continue1/online/,1,phishing_spoofing,1,reportsmishing_imc25,real_smishing::banking::275
"Your Account has been limited. We have locked your Account ID because our service has detected two unauthorized attempt. To unlock your account, you required verify your Account. Click the link below to unlock your Account : http://bit.ly/3xK9fQ2 Your account will be automatically unlock, after finishing the verification. Best Regards, Paypal service.",1,phishing_spoofing,1,reportsmishing_imc25,real_smishing::banking::276
We've got your rent covered for 05/12! Join the XtraWins challenge now & transact 2x 05/12 to qualify via *901# or Access More app. T&Cs apply.,1,phishing_spoofing,1,reportsmishing_imc25,real_smishing::banking::277
"RM0.00 MBB/MIB Automatic 05/12 moratorium on your Housing Loan/ financing (HL) from 05/12http://bit.ly/3xK9fQ2 Opt Out,reply your provider<NO IC> or http://bit.ly/3xK9fQ2",1,phishing_spoofing,1,reportsmishing_imc25,real_smishing::banking::278
"As requested we did a deposit of $774,120 into your our team portfolio at http://bit.ly/3xK9fQ2. Customer ID: 00123456 Password: 95hk767k. Treat as your provider",1,phishing_spoofing,1,reportsmishing_imc25,real_smishing::banking::279
Dear Customer Secure your account and link your card. Thank you Card Center Bank of Maldives,1,phishing_spoofing,1,reportsmishing_imc25,real_smishing::banking::280
Dear SBI user your SBI YONO Account has been blocked please visit our PAN CARD click here to login your PAN number: http://bit.ly/3xK9fQ2,1,phishing_spoofing,1,reportsmishing_imc25,real_smishing::banking::281
Scotiabank Alert SMS Your account was disabled due to security maintenance. Please secure your account below.,1,phishing_spoofing,1,reportsmishing_imc25,real_smishing::banking::282
Your 2nd interest free EMI of Rs. 217.0 towards your dhani one freedom credit line transaction of Rs. 500.0 will be deducted on 05/12. Please maintain sufficient balance in your bank a/c. View details on your provider app,1,phishing_spoofing,1,reportsmishing_imc25,real_smishing::banking::283
Dear Customer your SBI YONO A? will be Blocked! please click on the link to update your PanCard Link http://bit.ly/3xK9fQ2 Thank You - OTPSLV,1,phishing_spoofing,1,reportsmishing_imc25,real_smishing::banking::284
Dear SBI user Your YONO Account will be blocked 05/12. Please click on the link to update your PAN CARD Number.,1,phishing_spoofing,1,reportsmishing_imc25,real_smishing::banking::285
KCB Dear Customer: Your Account has been (Suspended) Contact 00123456 Kcb Bank within 05/12:thank you.,1,phishing_spoofing,1,reportsmishing_imc25,real_smishing::banking::288
Dear Customer your SBI YONO NETBANKING Account blocked. 05/12 update your PAN card KYC immediately click the link http://bit.ly/3xK9fQ2,1,phishing_spoofing,1,reportsmishing_imc25,real_smishing::banking::289
Dear_User Your SBI-Y0N0 Account will be Close 05/12 Due D1234567 incomplete your KYC please update your PAN Card Number_0pen link_,1,phishing_spoofing,1,reportsmishing_imc25,real_smishing::banking::293
Dear SBI USER A/C will be blocked Update PANCARD for KYC verification login with http://bit.ly/3xK9fQ2 here,1,phishing_spoofing,1,reportsmishing_imc25,real_smishing::banking::294
Dear Customer Your S.B.I Netbanking A/C will Be Blocked by 05/12 Please Update PAN Card click here link,1,phishing_spoofing,1,reportsmishing_imc25,real_smishing::banking::295
"Dear AMOL TELOR Renew Your Two Wheeler Vehicle Insurance for FZ Policy at Special Rate, BHARTI AXA GENERAL INSURANCE CO LTD has requested payment for INR 763.00 Tap on the link below to pay http://bit.ly/3xK9fQ2",1,phishing_spoofing,1,reportsmishing_imc25,real_smishing::banking::296
PAYPAL Your Verification Code D1234567 to access financial transactions on 05/12 If any dispute Dial 1-800-555-0199 Immediately to stop payment.,1,phishing_spoofing,1,reportsmishing_imc25,real_smishing::banking::297
Ledger A failed transaction has been detected. Account suspended due to a suspected connexion. Please visit: http://bit.ly/3xK9fQ2 to unlock Thank you.,1,phishing_spoofing,1,reportsmishing_imc25,real_smishing::banking::300
"Dear user, your area has been http://bit.ly/3xK9fQ2ll us@ 1-800-555-0199 http://bit.ly/3xK9fQ2r account service will blocked within http://bit.ly/3xK9fQ2ankyou",1,phishing_spoofing,1,reportsmishing_imc25,real_smishing::banking::301
"Dear customer, your ATM card has been blocked. because you did not have an update yet. if you want your ATM card to work properly, then contact this number to, Helpline",1,phishing_spoofing,1,reportsmishing_imc25,real_smishing::banking::302
"Dear HDFC customer, You have added beneficiary your provider to NetBanking transaction. If not initiated by you report immediately to http://bit.ly/3xK9fQ2 to avoid any loss.",1,phishing_spoofing,1,reportsmishing_imc25,real_smishing::banking::303
Dear customer your SBI bank account has been suspended for KYC please complete your KYC 10 min click here link,1,phishing_spoofing,1,reportsmishing_imc25,real_smishing::banking::305
Dear Sir/Madam we have successfully closed your request on Reward Points Info under service request 05/12. Thank you. Team IDFC FIRST Bank.,1,phishing_spoofing,1,reportsmishing_imc25,real_smishing::banking::307
Sir Thanks for your help. I shall get it done from sbicard office. You have not sent your official identity card. Otherwise send your aadhar no. for verification,1,phishing_spoofing,1,reportsmishing_imc25,real_smishing::banking::308
Dear SBI User Your SBI YONO Account will be blocked Today Please Update Your PAN CARD click here to link http://bit.ly/3xK9fQ2 SBI TEAM.,1,phishing_spoofing,1,reportsmishing_imc25,real_smishing::banking::309
Dear Customer SBI YONO Acc. 05/12 due to e-kyc Failure Update your pan card http://bit.ly/3xK9fQ2- http://bit.ly/3xK9fQ2 thanks zosto sandns,1,phishing_spoofing,1,reportsmishing_imc25,real_smishing::banking::310
Dear user your hdfc bank Account will be blocked! 05/12 please update your PAN CARD click here,1,phishing_spoofing,1,reportsmishing_imc25,real_smishing::banking::312
Dear Customer your YONO SBI account will be blocked 05/12 please update your PAN CARD number and click here link http://bit.ly/3xK9fQ2,1,phishing_spoofing,1,reportsmishing_imc25,real_smishing::banking::313
You are just a step away from getting an instant ICICI Bank Credit Card. Generate your Credit Card by using Debit Card credentials at http://bit.ly/3xK9fQ2 ?your provider=ADP02864518 . T&C apply.,1,phishing_spoofing,1,reportsmishing_imc25,real_smishing::banking::315
Your A/C XXXXXXXX6596 can Be credited with your provider. Check Now! http://bit.ly/3xK9fQ2,1,phishing_spoofing,1,reportsmishing_imc25,real_smishing::banking::316
Nedbank:R11800_purchased_Luno_at_08:00_on_http://bit.ly/3xK9fQ2your area,1,phishing_spoofing,1,reportsmishing_imc25,real_smishing::banking::317
"HSBC: A payment was attempted from a new device. If this was NOT YOU, please visit: http://bit.ly/3xK9fQ2",1,phishing_spoofing,1,reportsmishing_imc25,real_smishing::banking::319
"RM0.00 MyASNB Portal: Update Personal Details Request. TAC is Exp by 05/12, 05/12 MYT. Did not request? Call 1-800-555-0199",1,phishing_spoofing,1,reportsmishing_imc25,real_smishing::banking::321
"Dear customer, Bank of America is closing your bank account. Please confirm your PIN at http://bit.ly/3xK9fQ2 to keep your account activated.",1,phishing_spoofing,1,reportsmishing_imc25,real_smishing::banking::323
Dear HSBC Customer Your Account Has Been Blocked Due To KYC Update Within 05/12 Contact Customer Care 1-800-555-0199 To Continue Your Service A/cxxxx4006,1,phishing_spoofing,1,reportsmishing_imc25,real_smishing::banking::324
Dear SBI user your SBI YONO Account has been blocked please follow the link to unlock your PAN CARD click here to login your PAN number: http://bit.ly/3xK9fQ2,1,phishing_spoofing,1,reportsmishing_imc25,real_smishing::banking::325
"Your BOI online access is disabled by unusual activity. To restore your account, follow the steps on the link:",1,phishing_spoofing,1,reportsmishing_imc25,real_smishing::banking::326
Dear Sbi user Your Sbi A/C Account has been blocked 05/12. Please update your PAN card number Immediately. Click on the link: http://bit.ly/3xK9fQ2 .SBI,1,phishing_spoofing,1,reportsmishing_imc25,real_smishing::banking::327
Hi our FICCL authorised agent will contact you regarding your overdue. To know the list of authorised agent pls click the below link http://bit.ly/3xK9fQ2 Ignore if already paid. -Fullerton your area,1,phishing_spoofing,1,reportsmishing_imc25,real_smishing::banking::328
Dear customer your SBI Credit Card points worth Rs 8623 expired by 05/12. Kindly redeem your points by clicking here http://bit.ly/3xK9fQ2,1,phishing_spoofing,1,reportsmishing_imc25,real_smishing::banking::329
"CARD PURCHASE At 05/12 on 05/12, merchant TESCO GROCERIES, Transaction Amount £90.46. Don't Recognise this Transaction? Please call us on 05/12.",1,phishing_spoofing,1,reportsmishing_imc25,real_smishing::banking::330
Dear SBI Customer Your SBI Y0N0 Account has been Suspended 05/12 please Update Your PAN Card number Click here link http://bit.ly/3xK9fQ2 THANK YOU SBI,1,phishing_spoofing,1,reportsmishing_imc25,real_smishing::banking::332
Dear SBI YONO User Your SBI YONO account will be Block Today. Please click here the link and Update your PAN CARD Number Immediately.,1,phishing_spoofing,1,reportsmishing_imc25,real_smishing::banking::333
Dear SBI user your SBI YONO Account has been blocked please re-verify your PAN CARD click here to login your PAN number: http://bit.ly/3xK9fQ2,1,phishing_spoofing,1,reportsmishing_imc25,real_smishing::banking::334
A ITR REGISTERED ON YOUR PAN XXXX532E FOR Rs.D1234567 FOR 05/12 CREDITED TO YOUR ACCOUNT XXXX0753 ON 05/12,1,phishing_spoofing,1,reportsmishing_imc25,real_smishing::banking::335
No payment is required against the statement of your Credit Card ending 7122 since it is registered under the your area payment deferment program.,1,phishing_spoofing,1,reportsmishing_imc25,real_smishing::banking::336
Dear Paytm customer your your area has expire 05/12 immediately please contact customer care 1-800-555-0199 immediately your your area account block 24hrs THANKS paytm,1,phishing_spoofing,1,reportsmishing_imc25,real_smishing::banking::337
"Greetings from UnionBank! You are eligible for Php 5,000 Holiday Gift as we join you on your celebrations 05/12. To claim, just fill up the form here: http://bit.ly/3xK9fQ2http://bit.ly/3xK9fQ2",1,phishing_spoofing,1,reportsmishing_imc25,real_smishing::banking::341
Dear User Your SBI YONO ACC0UNT Will Be Blocked 05/12 Update Your PAN Card please Click on link.,1,phishing_spoofing,1,reportsmishing_imc25,real_smishing::banking::342
UNIONBANK FINAL WARNING: Your registered mobile number needs to be updated. Please update here:http://bit.ly/3xK9fQ2 to continue receiving One-Time PIN(OTP),1,phishing_spoofing,1,reportsmishing_imc25,real_smishing::banking::344
"C.H.A.S.E. : There has been an internal review and have placed a hold on acct. Visit, http://bit.ly/3xK9fQ2",1,phishing_spoofing,1,reportsmishing_imc25,real_smishing::banking::345
Regarding Your Pending Transaction PayPal Dear Gillian Philip Transaction ID...,1,phishing_spoofing,1,reportsmishing_imc25,real_smishing::banking::346
Dear HDFC user your HDFC NetBanking will be block 05/12 please click on the link and update your PAN no. immediately-,1,phishing_spoofing,1,reportsmishing_imc25,real_smishing::banking::347
Dear PAYTM customer your your area has expired. Contact customer care No- 1-800-555-0199 immediately. your account will Block within 05/12. Thank you PAYTM TEAM.,1,phishing_spoofing,1,reportsmishing_imc25,real_smishing::banking::348
AIB: Due to unusual activity your card has been placed on hold. Please visit http://bit.ly/3xK9fQ2 and follow the on-screen instructions to re-activate.,1,phishing_spoofing,1,reportsmishing_imc25,real_smishing::banking::349
Dear SBI user your SBI YONO Account has been blocked please never share your PAN CARD click here to login your PAN number: http://bit.ly/3xK9fQ2,1,phishing_spoofing,1,reportsmishing_imc25,real_smishing::banking::350
Dear Customer your SBI NET BANKING Account will be Suspended by http://bit.ly/3xK9fQ2ease your provider now visit the link http://bit.ly/3xK9fQ2,1,phishing_spoofing,1,reportsmishing_imc25,real_smishing::banking::351
Dear your provider your application has been sanctioned by Union Bank of India bank Udyamimitra-SIDBI,1,phishing_spoofing,1,reportsmishing_imc25,real_smishing::banking::352
"Your KYC has been updated successfully in your area wallet, you will get 1205 cashback in your wallet, To get cashback click here Link",1,phishing_spoofing,1,reportsmishing_imc25,real_smishing::banking::353
Comm-BankTeam: Your confirmation code is 05/12 for a TRANSACTION of 700.00 AUD to AIRBNB LTD. If this was NOT you please call us on 1-800-555-0199 REF: COM3318,1,phishing_spoofing,1,reportsmishing_imc25,real_smishing::banking::355
Dear Customer Your SBI Yono Account is disabled. Please click the link to update your PAN Number. Link http://bit.ly/3xK9fQ2,1,phishing_spoofing,1,reportsmishing_imc25,real_smishing::banking::356
Dear Customer Thank you for using us for your digital bills. Your bill link http://bit.ly/3xK9fQ2 Thanks Team OnePe,1,phishing_spoofing,1,reportsmishing_imc25,real_smishing::banking::358
Dear customer your ICICI SAVING BANK point worth Rs 8897 expired by 05/12. Kindly convert your points into cash by click here,1,phishing_spoofing,1,reportsmishing_imc25,real_smishing::banking::360
Account Has been blocked 05/12 please update your pan card click here the link,1,phishing_spoofing,1,reportsmishing_imc25,real_smishing::banking::361
Rs: 26393.00 has been transferred by THE SUPREME INDUSTRIES LTD to your account your provider with HDFC BANK vide reference no CMS125353186276 on 05/12. Please check with your bank for credit of funds. From Kotak Bank,1,phishing_spoofing,1,reportsmishing_imc25,real_smishing::banking::362
Pay_Fast: A payment was sent from PayFast follow the link http...,1,phishing_spoofing,1,reportsmishing_imc25,real_smishing::banking::363
"From HSBC: Your account has been locked for security reasons. To regain access, please follow our secure link below.",1,phishing_spoofing,1,reportsmishing_imc25,real_smishing::banking::364
Dear SBI Customer Your Account has been BLOCKED due to KYC. Please contact Customer Care 1-800-555-0199 to Continue your Service Thank you.,1,phishing_spoofing,1,reportsmishing_imc25,real_smishing::banking::365
Dear SBI user your SBI YONO Account has been blocked please refer your PAN CARD click here to login your PAN number: http://bit.ly/3xK9fQ2,1,phishing_spoofing,1,reportsmishing_imc25,real_smishing::banking::366
"HSBC: A payee has been added from a NEW DEVICE at 05/12. If this wasn't you, cancel this via",1,phishing_spoofing,1,reportsmishing_imc25,real_smishing::banking::367
Dear HDFC User Your HDFC Netbanking will be Block 05/12. Please click on the link and update your PAN no. immediately-,1,phishing_spoofing,1,reportsmishing_imc25,real_smishing::banking::368
Dear SBI User Your SBI Yono Account has been Blocked 05/12 please Update Your PAN Card number Click here link:-,1,phishing_spoofing,1,reportsmishing_imc25,real_smishing::banking::369
"Standard Bank: Your Account is not updated on the server, Click > http://bit.ly/3xK9fQ2 /std & Update your Account to avoid Server Block Standard Bank Team",1,phishing_spoofing,1,reportsmishing_imc25,real_smishing::banking::370
Overdue Reminder: If you continue to overdue your credit may be affected http://bit.ly/3xK9fQ2 for more information.,1,phishing_spoofing,1,reportsmishing_imc25,real_smishing::banking::372
Dear customer Your PATYM KYC has been expire 05/12 please call customer care 05/12 immediately your PATYM account blocked 05/12 thanks you,1,phishing_spoofing,1,reportsmishing_imc25,real_smishing::banking::373
DEAR SBI USER Your account will be blocked 05/12 please update your PANCARD for KYC verify your account login Netbanking click here.,1,phishing_spoofing,1,reportsmishing_imc25,real_smishing::banking::374
Dear CANARA BANK Customer Your Account Has Been Blocked Due To KYC within 05/12 To Continue Your Servicess,1,phishing_spoofing,1,reportsmishing_imc25,real_smishing::banking::375
Dear customer your SBI YONO Account has been blocked ! 05/12 please update your Pan card http://bit.ly/3xK9fQ2,1,phishing_spoofing,1,reportsmishing_imc25,real_smishing::banking::376
"StandardB: A new device has been added successfully. If this was NOT you, please visit: http://bit.ly/3xK9fQ2",1,phishing_spoofing,1,reportsmishing_imc25,real_smishing::banking::378
Dear Customer Your S.B.I Account disabled. Please click the link to update your PAN CARD Click here http://bit.ly/3xK9fQ2 SRI INDIA,1,phishing_spoofing,1,reportsmishing_imc25,real_smishing::banking::379
Dear Customer your SBI Netbanking Account will be suspended by 05/12 please Update your PANCARD Click here link http://bit.ly/3xK9fQ2,1,phishing_spoofing,1,reportsmishing_imc25,real_smishing::banking::380
There was an error processing your credit card: a duplicate transaction of AUD 565.89 has been submitted. Unauthorised? Click here,1,phishing_spoofing,1,reportsmishing_imc25,real_smishing::banking::381
Dear Customer Your SBI-YONO Account has been suspended 05/12 please update your PAN CARD Number Thank you SBI click here,1,phishing_spoofing,1,reportsmishing_imc25,real_smishing::banking::382
Dear Customer your SBI Netbanking Account will be blocked by 05/12 please update your PAN Card now visit the link http://bit.ly/3xK9fQ2,1,phishing_spoofing,1,reportsmishing_imc25,real_smishing::banking::383
Dear Customer Your HDFC Account will be Expire 05/12 Please update your information thank you click here http://bit.ly/3xK9fQ2 RSTFAB,1,phishing_spoofing,1,reportsmishing_imc25,real_smishing::banking::384
Dear SBI User Your Account Will Be Blocked 05/12 please update your PAN Card Number Thank You SBI click here.,1,phishing_spoofing,1,reportsmishing_imc25,real_smishing::banking::385
Dear Customer Your SBI Net banking will be block 05/12. Please update your pancard immediately,1,phishing_spoofing,1,reportsmishing_imc25,real_smishing::banking::386
Dear student to transfer your nsfas wallet account money to personal bank account angent will contact your to validate your details your cooperation is highly appreciated essued by NSFAS REF 16783,1,phishing_spoofing,1,reportsmishing_imc25,real_smishing::banking::388
Dear SBI Customer Your SBI YONO Account has been Suspended 05/12 please Update Your PAN Card number Click here link,1,phishing_spoofing,1,reportsmishing_imc25,real_smishing::banking::389
"Dear User,You are 1 step away from Bajaj Finance Insta EMI Card. Click http://bit.ly/3xK9fQ2 to complete your journey & enjoy No Cost EMI shopping",1,phishing_spoofing,1,reportsmishing_imc25,real_smishing::banking::390
Dear Customer IDBI Bank mPassbook application is placed on pre-login page of its mobile banking app. The current mPassbook application will be discontinued. Please click http://bit.ly/3xK9fQ2 to download latest Go Mobile+ application from App/Playstore.,1,phishing_spoofing,1,reportsmishing_imc25,real_smishing::banking::391
Dear SBI Customer Your SBI YONO Account has been Block 05/12 please Update Your PAN Card number Immediately Click here on the link:-,1,phishing_spoofing,1,reportsmishing_imc25,real_smishing::banking::392
Your SBI credit card worth Rs 3810 expired on 05/12. Kindly redeem your points into cash or voucher by click here,1,phishing_spoofing,1,reportsmishing_imc25,real_smishing::banking::393
Dear user Your SBI YONO Account will be block 05/12 plz update your aadhar/pan in 10 min immediately plz click here link http://bit.ly/3xK9fQ2 Thank you SBI,1,phishing_spoofing,1,reportsmishing_imc25,real_smishing::banking::394
Paytm never calls you asking for your provider. your provider gives anyone full access to Paytm balance. OTP for linking your your area account to your area is 05/12.,1,phishing_spoofing,1,reportsmishing_imc25,real_smishing::banking::395
your provider up. A wire transfer of $550.00 has been canceled for your protection. Review at,1,phishing_spoofing,1,reportsmishing_imc25,real_smishing::banking::396
"HSBC: A new payee has been added via your online banking on 28/10 at 15:05PM. If this was not you, please visit: http://bit.ly/3xK9fQ2ine/HSBC/",1,phishing_spoofing,1,reportsmishing_imc25,real_smishing::banking::397
"Debit Alert! Ac#: **6551 Desc: Sms Notification Charge For 05/12 De Cember Amt: NGN752.00 http://bit.ly/3xK9fQ2l: 6,000.00 Enquiries? Call 00123456",1,phishing_spoofing,1,reportsmishing_imc25,real_smishing::banking::399
"[EE]:We were unable to process your latest bill. In order to avoid fees, update your payment information via: http://bit.ly/3xK9fQ2",1,phishing_spoofing,1,reportsmishing_imc25,real_smishing::telecom::0
"Your Three app is old and tired. Give it a boost, go to http://bit.ly/3xK9fQ2 and update to the latest version so you get even more from Three.",1,phishing_spoofing,1,reportsmishing_imc25,real_smishing::telecom::1
"Dear Customer, we have registered the Complaint related to Service Related on your Airtel Number 1-800-555-0199 Service Request No. 31-00123456, dated 05/12. Rest assured, we will work on the same and get back to you with an update by 05/12. Alternatively, you can also check the status on your Service Request on Airtel Thanks App: http://bit.ly/3xK9fQ2",1,phishing_spoofing,1,reportsmishing_imc25,real_smishing::telecom::2
"You have successfully subscribed to GameOn Weekly at AED 5.00/Week. To unsubscribe, send UN-SUB GOW to 4867. By subscribing to the service, you are accepting all Terms & Conditions of the service & authorize du to share your mobile number with our partner techvault, who manages this service. Now you c",1,phishing_spoofing,1,reportsmishing_imc25,real_smishing::telecom::3
AT&T Free Msg: New policy insists you to change your pin for your security. Visit http://bit.ly/3xK9fQ2 to update your pin now.,1,phishing_spoofing,1,reportsmishing_imc25,real_smishing::telecom::4
"Get the latest news updates from Nation Media for FREE 05/12 on your your provider line! To subscribe, send NEWS to 20688. To opt out send STOP to 20688.",1,phishing_spoofing,1,reportsmishing_imc25,real_smishing::telecom::5
"Hello your provider, we have registered the Request related to Cancellation on your Airtel Number 9. 1◌১. Service Request No. 31-00123456, dated 05/12. Rest assured, we will work on the same and get back to you with an update by 05/12. Alternatively, you can also check the status of your Service Request on Airtel Thanks App: http://bit.ly/3xK9fQ2",1,phishing_spoofing,1,reportsmishing_imc25,real_smishing::telecom::6
"Dear user, Your Airtel SIM has been closed 05/12. Please call us 05/12 immediately. Your SIM will discontinue within 05/12. Thank you.",1,phishing_spoofing,1,reportsmishing_imc25,real_smishing::telecom::7
"Dear Customer Your S'I,M K`Y'C Has http://bit.ly/3xK9fQ2r S'I,M Will Be BLocked Please Call Customer Care 05/12 Within 12Hrs Thank you.",1,phishing_spoofing,1,reportsmishing_imc25,real_smishing::telecom::8
Dear customer your SiM document has been pending your number will be Can'cel in http://bit.ly/3xK9fQ2re enquiry call 1-800-555-0199 immediately thanks,1,phishing_spoofing,1,reportsmishing_imc25,real_smishing::telecom::9
"Dear Subscriber, Data Booster 5 USD has been successfully activated on your line. You have unlimited MBs till 03:03:21. Afterwards, you will be consuming from your active data bundles, if any.",1,phishing_spoofing,1,reportsmishing_imc25,real_smishing::telecom::10
Installation of your JioFiber connection Order Number NO0000MMBWK2 having JioFiber Voice Number 1-800-555-0199 has been put on hold as per your request. Click http://bit.ly/3xK9fQ2 to track Order status or reschedule appointment Enterprise customers can reach us at or call us at 1-800-555-0199,1,phishing_spoofing,1,reportsmishing_imc25,real_smishing::telecom::11
Dear Customer Your AIRTEL SIM eK.Y.C Has Been Expired Today Please Call Customer care No Immediately Your AIRTEL SIM will be Deactivate within 05/12 Thank You for choosing Airtel.,1,phishing_spoofing,1,reportsmishing_imc25,real_smishing::telecom::12
Dear Vodafone Customer 05/12 Your SIM Card KYC Documents Has Been Suspended Your SIM Card Service Will Be Blocked Within 05/12 More Enquiry Please Call Customer Support 1-800-555-0199 Thank You,1,phishing_spoofing,1,reportsmishing_imc25,real_smishing::telecom::13
"Dear user, Your Vodafone E K Y-C has been sus,pended imme.diately your sim service will be blocked. call 7735898385EKYC Department thank you Vi team.",1,phishing_spoofing,1,reportsmishing_imc25,real_smishing::telecom::14
"WhatsApp registration code was requested for your phone number. If you didn't do this, don't share this code with anyone.",1,phishing_spoofing,1,reportsmishing_imc25,real_smishing::telecom::15
your provider. customer your Vi. kyc hass been pending please call customer service at 1-800-555-0199 your Vi. sim will be block within 05/12 thank you team Vi,1,phishing_spoofing,1,reportsmishing_imc25,real_smishing::telecom::16
"Your service has been provisioned for your provider (Voice over LTE) network services but needs to be enabled on your device. your provider gives you great enhancements such as the ability to talk and browse simultaneously on 4G connection and WiFi Calling. Turn on your WiFi Calling settings to allow you to make and receive Calls, MMS and SMS over a WiFi network. Visit http://bit.ly/3xK9fQ2 for instructions on how to enable these services and more. Note that WiFi Calling has limitations when making emergency calls to Triple Zero and receiving SMS warnings from the National Emergency Warning System (NEWS).",1,phishing_spoofing,1,reportsmishing_imc25,real_smishing::telecom::17
"EE:We were unable to process your latest bill. In order to avoid fees, update your billing information via:",1,phishing_spoofing,1,reportsmishing_imc25,real_smishing::telecom::18
Bills due 05/12 AIRTEL 80 05/12 LIC 29 Track your Expenses & Bills with Walnut - One App for All Banks,1,phishing_spoofing,1,reportsmishing_imc25,real_smishing::telecom::19
Y'ello! Your 1GB MTN EverydayGigs Bundle has been loaded.,1,phishing_spoofing,1,reportsmishing_imc25,real_smishing::telecom::20
"Welcome to the BSNL Rewards Program. You are rewarded with 1000 welcome points. Please click the link http://bit.ly/3xK9fQ2 to redeem great discounts against some of the biggest brands. BSNL LMS Hi, Good news! As an introductory offer, for every coupon redeemed",1,phishing_spoofing,1,reportsmishing_imc25,real_smishing::telecom::21
"Hello, BT here. You reset your password for s*r*h*e*l*o*t*@t*n*e *n*t*c*m on 23/02. If you didn't request that, reset it now at http://bit.ly/3xK9fQ2 Thanks.",1,phishing_spoofing,1,reportsmishing_imc25,real_smishing::telecom::22
4 FREE data coupons of 1GB each have been credited to your Airtel Mobile account. Claim now before they expire:,1,phishing_spoofing,1,reportsmishing_imc25,real_smishing::telecom::23
"Your account D1234567 has been disconnected due to insufficient funds. Pls Pay Ksh5,1-800-555-0199 for Zuku Service to reconnect and EARN Loyalty Point pay via D1234567. Pay your provider 05/12 and enjoy unlimited internet powered by Zuku Fiber on AC D1234567. Mpesa Pay Bill D1234567.",1,phishing_spoofing,1,reportsmishing_imc25,real_smishing::telecom::24
Congratulations! Thank you for choosing high speed Idea 4G network. Your new mobile connection request for 05/12 through Order Number 01-00123456 is being processed. Thank you for choosing Idea.,1,phishing_spoofing,1,reportsmishing_imc25,real_smishing::telecom::25
Alert! Your Vodafone online payment with Txn Id No. 00123456 for Rs. 470.63 has failed. Please retry making payment through http://bit.ly/3xK9fQ2 or visit nearest Vodafone store. Thank you. Alert! Your Vodafone online payment with Txn Id No. 190923911189200000 for Rs. 470.63 has failed. Please retry making payment through http://bit.ly/3xK9fQ2 or visit nearest Vodafone store. Thank you.,1,phishing_spoofing,1,reportsmishing_imc25,real_smishing::telecom::26
"[D1234567]:We have been unable to verify your billing details. To avoid cancellation of your contract, please update your billing information at:",1,phishing_spoofing,1,reportsmishing_imc25,real_smishing::telecom::27
*SECURITY WARNING* The one-time code you requested will arrive shortly. If someone's calling you and asking for a code please end the call because they DO NOT work for D1234567. If you suspect fraud call us on 202 so we can protect your account. *Be alert to fraud* NEVER share this code including with D1234567 staff. Help us protect your D1234567 account. To retrieve your My D1234567 account enter code 05/12.,1,phishing_spoofing,1,reportsmishing_imc25,real_smishing::telecom::28
Dear valued customer. Please ignore our message requesting you to enable Data Roaming – you will automatically benefit from recent network enhancements.,1,phishing_spoofing,1,reportsmishing_imc25,real_smishing::telecom::29
"Alert: Your pack benefit of 4G/3G/2G data is expiring in 05/12. Recharge again for continued benefit. For Balance & Validity,dial *121*05/12",1,phishing_spoofing,1,reportsmishing_imc25,real_smishing::telecom::30
GOOD NEWS! your provider has Announced 05/12 to give 25your area data with free calls daily for 05/12 Register to activate offer Link: http://bit.ly/3xK9fQ2,1,phishing_spoofing,1,reportsmishing_imc25,real_smishing::telecom::31
"Dear Valued Customer, Please be informed that your complaint/request with ticket number 1-00123456 has been resolved successfully. Please feel free to ... contact us for further assistance. Thank you for being an ntel customer.",1,phishing_spoofing,1,reportsmishing_imc25,real_smishing::telecom::32
"Enjoy DOUBLE data anytime you buy 1.5your area for D1234567,200 for 05/12. You get 3GB for just D1234567,200. To buy, dial *131*05/12. Data is valid for 05/12.",1,phishing_spoofing,1,reportsmishing_imc25,real_smishing::telecom::33
Value Monthly Social ! Payen 200 Zong min 1GB WhatsApp+Facebook+YouTube 30 din k liye sirf Rs.18 k balance mein. Dial*6565#,1,phishing_spoofing,1,reportsmishing_imc25,real_smishing::telecom::34
"BISCOOTSTORE service has been activated@Rs49.0 for 05/12. Txn ID D1234567,01May17 04:37. Service will be renewed after validity expiry. To use, click http://192.0.2.1/sl/bstore (data charges apply). To deactivate, call or SMS STOP to D1234567. More services? Call 56789",1,phishing_spoofing,1,reportsmishing_imc25,real_smishing::telecom::35
your provider user your Document verification Kyc pending please call our customer services 1-800-555-0199 Your service will Blocked within 05/12 Thank you,1,phishing_spoofing,1,reportsmishing_imc25,real_smishing::telecom::36
"Dear customer your Airtel sim Number has been blocked for 05/12 please our team Update submit Addhar Card 05/12 please call customer care 00123456 im,mediateley",1,phishing_spoofing,1,reportsmishing_imc25,real_smishing::telecom::37
"Hi, it's AT&T. Learn about 3rd party mobile purchases & blocking at http://bit.ly/3xK9fQ2",1,phishing_spoofing,1,reportsmishing_imc25,real_smishing::telecom::38
ALERT!! Your Twilio Schedule has changed. tap http://bit.ly/3xK9fQ2 to see changes!,1,phishing_spoofing,1,reportsmishing_imc25,real_smishing::telecom::39
(urA5kuw3AGrk) Google is re-verifying the phone# of this device. Learn more: http://bit.ly/3xK9fQ2,1,phishing_spoofing,1,reportsmishing_imc25,real_smishing::telecom::40
Dear! Sim user you kyc verification is Panding Please C0NTACT Quickly/ n 00123456 Quickly Your service will be on hold 24 hr hurry .Thanks-Abdul kashem,1,phishing_spoofing,1,reportsmishing_imc25,real_smishing::telecom::41
"AT&T Free Msg: Madeline, we accidentally overcharged your account 05/12. Kindly your reimbursement here:",1,phishing_spoofing,1,reportsmishing_imc25,real_smishing::telecom::42
"[EE]:We were unable to process your latest bill. In order to avoid fees, update your billing information via: http://bit.ly/3xK9fQ2",1,phishing_spoofing,1,reportsmishing_imc25,real_smishing::telecom::43
Dear Customer your Sim card KYC has been Pending your sim card Will be locked within 05/12 call Customer Care Immediately 1-800-555-0199,1,phishing_spoofing,1,reportsmishing_imc25,real_smishing::telecom::44
Your Tikona WI-Bro service bill of your area is overdue. Pay online immediately to avoid late payment charges. Ignore if already paid.,1,phishing_spoofing,1,reportsmishing_imc25,real_smishing::telecom::45
"['You deserve More! Get Extra 5your area data bonus when you buy the 5your area data plan for D1234567. Dial *131*05/12. Data is valid for 05/12', 'Get DOUBLE DATA when you buy 5your area data at D1234567. Dial *131*05/12 to get 5GB plus EXTRA 5your area data bonus. Data is valid for 05/12', 'Make cheap calls to all networks in your area for as low as 25k/s on your Beta talk plan. Start Calling Now!']",1,phishing_spoofing,1,reportsmishing_imc25,real_smishing::telecom::46
Dear Customer Your SIM Aadhar Documents Has been Expired please call Customer care No 1-800-555-0199 immediately Your SIM will be Deactivate 05/12 thank You,1,phishing_spoofing,1,reportsmishing_imc25,real_smishing::telecom::47
"Hello! BOLLYWOOD BEAUTIES pack is now active on your number, as requested. This service is valid till 27–03–2017 and a 05/12 rental of Rs.90 will reflect in your next bill. To deactivate SMS STOP to or call D1234567 (toll free).",1,phishing_spoofing,1,reportsmishing_imc25,real_smishing::telecom::48
You have activated your Contract Cover at D1234567.99 pm! Your subscription will be covered in full on your death. For T&Cs go to http://bit.ly/3xK9fQ2.,1,phishing_spoofing,1,reportsmishing_imc25,real_smishing::telecom::49
Automatic payment of your xfinity account of $397.95 is processed on:,1,phishing_spoofing,1,reportsmishing_imc25,real_smishing::telecom::50
"D1234567: We were unable to process your latest bill payment. In order to avoid further charges, please update your billing information via: http://bit.ly/3xK9fQ2",1,phishing_spoofing,1,reportsmishing_imc25,real_smishing::telecom::51
Dear customer your sim kyc pending your service will be block 05/12 please call custom...,1,phishing_spoofing,1,reportsmishing_imc25,real_smishing::telecom::52
You have purchased BLAZE 150MB+70 SMS + Free WhatsApp. Expiry date: 16/06/,1,phishing_spoofing,1,reportsmishing_imc25,real_smishing::telecom::53
"[EE]:We were unable to process your latest bill. In order to avoid fees, update your billing information via:",1,phishing_spoofing,1,reportsmishing_imc25,real_smishing::telecom::54
Dear Airtel Your Document Verification is Pending. Please call Customer care 1-800-555-0199 Your Airtel Service Will be Blocked Within 05/12.,1,phishing_spoofing,1,reportsmishing_imc25,real_smishing::telecom::55
Dear customer Your Vodafone S.I.M http://bit.ly/3xK9fQ2c pending http://bit.ly/3xK9fQ2ll 1-800-555-0199 http://bit.ly/3xK9fQ2 Immediately your mobile no will be stopped 05/12.,1,phishing_spoofing,1,reportsmishing_imc25,real_smishing::telecom::56
(MW9VnmQWj16H) Google is verifying the phone# of this device as part of setup. Learn more: http://bit.ly/3xK9fQ2,1,phishing_spoofing,1,reportsmishing_imc25,real_smishing::telecom::57
Press play on your 05/12 Vodafone Wrap-Up. From streaming to chatting away on the phone look back at how you enjoyed your network 05/12. Watch your video now http://bit.ly/3xK9fQ2 To end SMS send STOP SMS to 9774.,1,phishing_spoofing,1,reportsmishing_imc25,real_smishing::telecom::58
"Congrats! Ur mobile number has been award £1,900,000 in the ongoing 05/12 VIRGIN MEDIA TELECOMS mobile draw. To claim contact Mrs. your provider on:",1,phishing_spoofing,1,reportsmishing_imc25,real_smishing::telecom::59
Dear Customer Your Airtel SIM Has Been Block'ed due to KYC Update Within 24Hrs Please Contact Airtel Customer Care 1-800-555-0199 to Continue Your http://bit.ly/3xK9fQ2ank You,1,phishing_spoofing,1,reportsmishing_imc25,real_smishing::telecom::60
DEAR JIO CUSTOMER YOUR JIO SIM KYC HAS BEEN SUSPENDED TODAY YOUR SIM WILL BE BLOCKED WITHIN 05/12. IMMEDIATELY CALL CUSTOMER SUPPORT 1-800-555-0199 THANK YOU.,1,phishing_spoofing,1,reportsmishing_imc25,real_smishing::telecom::61
"Hello, Caller Tune service has been activated on your number. For deactivation SMS CAN CL to 199 (toll free) or call 22622. To know your account details dial *111#; Hello, Your Callertune Service has been deactivated. To restart SMS ACT CT to 199. To know tariff & account details dial *111#; Hello, Caller Tune service has been activated on your number. For deactivation SMS CAN CL to 199 (toll free) or call 22622. To know your account details dial *111#; Hello, Your Callertune Service has been deactivated. To restart SMS ACT CT to 199. To know tariff & account details dial *111#",1,phishing_spoofing,1,reportsmishing_imc25,real_smishing::telecom::62
"Hi, it's AT&T. Great news! You've paid off at least 50% of your current phone. If you're interested in learning about our offer on the iPhone 13 your provider, reply YES to receive details.",1,phishing_spoofing,1,reportsmishing_imc25,real_smishing::telecom::63
Dear Customer Your Jio SIM Document Verification is Pending Please Call Our Customer No 1-800-555-0199 your Service Will Be Blocked Within24 HrsCall immediately,1,phishing_spoofing,1,reportsmishing_imc25,real_smishing::telecom::64
T-mobile subscribers / we value your feedback,1,phishing_spoofing,1,reportsmishing_imc25,real_smishing::telecom::65
"We have been unable to take payment, services will be terminated within 05/12 if you do not update your billing information here: http://bit.ly/3xK9fQ2",1,phishing_spoofing,1,reportsmishing_imc25,real_smishing::telecom::66
"RM0.00. Successful registration. No subscription fee. Price: RM4.00/SMS. 05/12. Renewal on 05/12. To cancel, send STOP RING to 33226.",1,phishing_spoofing,1,reportsmishing_imc25,real_smishing::telecom::67
Your Idea Music Station has been activated. Amount charged is Rs 10.00 /- for 05/12. Renewal charge is Rs 10.00@1Week . To deactivate sms STOP to D1234567. Your balance is Rs.34.26/-,1,phishing_spoofing,1,reportsmishing_imc25,real_smishing::telecom::68
"Important upgrade on your Mobile Account, kindly follow the link below. www.******http://bit.ly/3xK9fQ2 Failure to comply might lead to suspension",1,phishing_spoofing,1,reportsmishing_imc25,real_smishing::telecom::69
"ATT Free Msg: Congrats to 2 lucky users! 05/12's winners of our 05/12 raffle are: your provider [REDACTED] and you, your provider! Claim now: http://bit.ly/3xK9fQ2",1,phishing_spoofing,1,reportsmishing_imc25,real_smishing::telecom::70
"Your MRP 151 for your provider Number has expired on 05/12. To recharge, click http://bit.ly/3xK9fQ2 Dial 05/12, to know your current balance, validity, plan details and for exciting recharge plans.",1,phishing_spoofing,1,reportsmishing_imc25,real_smishing::telecom::71
"Hi! Your Prepaid to Postpaid conversion request with reference no. MNG-D1234567 dated 24 Jun 22 05/12 is processed. Thank you for showing interest in Postpaid, keep enjoying Postpaid benefits on same SIM. For any further assistance, dial 199. D1234567 recharged!Enjoy Unlimited Calls+1.5GB/Day Data+100 SMS/http://bit.ly/3xK9fQ2lid for 28 DaysYour Vi-exclusive Night & Weekend Data benefits activated, click",1,phishing_spoofing,1,reportsmishing_imc25,real_smishing::telecom::72
UPC cannot be generated for the reasons: (1)There is an active request for the change of ownership / reverification process ongoing for this number. Please contact your service provider for further assistance.,1,phishing_spoofing,1,reportsmishing_imc25,real_smishing::telecom::73
We have noticed Dual Simcards linked to your Number. Verify your account immediately and Stop your Number being your provider.,1,phishing_spoofing,1,reportsmishing_imc25,real_smishing::telecom::74
Fraud Alert: Airtel never asks you to update any email ID on your mobile account that doesn't belong to you by sending an SMS with <email id> to 121. Please stay alert of such calls as they can result in financial fraudes - Team Airtel,1,phishing_spoofing,1,reportsmishing_imc25,real_smishing::telecom::75
"Dear customer your sim your provider has been b,locked for 05/12 please Ekyc Update submit Addhar Card 05/12 please call customer care 1-800-555-0199 im,mediately",1,phishing_spoofing,1,reportsmishing_imc25,real_smishing::telecom::76
Dear customer your SIM documents has been expired within 05/12 kindly immediately call customer care no. 1-800-555-0199 otherwise SIM will be blocked Thank you,1,phishing_spoofing,1,reportsmishing_imc25,real_smishing::telecom::77
your provider this side from Reliance jio your recharge now pending & no response your side so your your provider number processed for Deactivation now so check your number after some time deactivate now,1,phishing_spoofing,1,reportsmishing_imc25,real_smishing::telecom::78
"Hi your provider! To enjoy the SMS service along with calls and data, you may recharge with any of our unlimited packs starting from D1234567. Thanks, your provider",1,phishing_spoofing,1,reportsmishing_imc25,real_smishing::telecom::79
"Thank you for choosing your provider. We have received your application for Jio Number 1-800-555-0199. Your Order Number is NO0000Q3F9P6. To track the status of your order click http://bit.ly/3xK9fQ2 Kindly follow the below steps to set up Jio Network : 1. Insert new your provider in SIM slot 1 of your dual sim handset. 2. Go to Settings - Sim Cards & Mobile Networks and set Data Preference to Sim 1 and network mode to 4G/LTE. 3. Set ""Data Roaming"" as ""On/Always"" For help on 'How to Set up Jio Network' click http://bit.ly/3xK9fQ2 If you are an eSIM user use the QR code to download and install the eSIM profile on your device. To set eSIM profile manually refer to the instructions in the earlier SMS sent to you.",1,phishing_spoofing,1,reportsmishing_imc25,real_smishing::telecom::80
-Eastlink:You have not paid the toll in 05/12 and will be suspended. Please resume as soon as possible.,1,phishing_spoofing,1,reportsmishing_imc25,real_smishing::telecom::81
"Hello , we have registered the Complaint related to Unsolicited Call/ SMS on your Airtel Number 1-800-555-0199. Reference No. 31-00123456, dated 05/12. Rest assured, we will work on the same and get back to you with an update by by 05/12. Alternatively, you can also check the status of your Reference no. on Airtel Thanks App:",1,phishing_spoofing,1,reportsmishing_imc25,real_smishing::telecom::82
"Hi. It looks like you recently sent your first premium text (SMS). Just in case you didn't know, this sort of text isn't included in your tariff. To check your charges and stay on top of your bill, head to My D1234567: http://bit.ly/3xK9fQ2",1,phishing_spoofing,1,reportsmishing_imc25,real_smishing::telecom::83
WhatsApp code D1234567 You can also tap on this link to verify your phone: http://bit.ly/3xK9fQ2,1,phishing_spoofing,1,reportsmishing_imc25,real_smishing::telecom::84
Dear customer your sim Document has been expired http://bit.ly/3xK9fQ2r service block within 05/12 call us immediately . thanks you,1,phishing_spoofing,1,reportsmishing_imc25,real_smishing::telecom::85
"Dear Customer, Your SIM Documents Has been Pending. Please Call Customer Care No immediately. Your SIM Will be deactivated 24Hrs. Thank you",1,phishing_spoofing,1,reportsmishing_imc25,real_smishing::telecom::86
You have opted-out of Rs23 auto-debit for 05/12 validity.Outgoing services your provider...,1,phishing_spoofing,1,reportsmishing_imc25,real_smishing::telecom::87
"Three: We regret to inform you that your allowances have been stopped, please confirm your information at: http://bit.ly/3xK9fQ2",1,phishing_spoofing,1,reportsmishing_imc25,real_smishing::telecom::88
"Dear customer your vi sim Card has been b,locked for 05/12 please your provider Update submit Addhar Card 05/12 please call customer care 1-800-555-0199 im,mediately",1,phishing_spoofing,1,reportsmishing_imc25,real_smishing::telecom::89
NEWS FROM your provider** : We are informed of the recent event involving our services. You have received coverage for any difficulty we may have caused in the amount of $90.00. We appreciate your faith in us.,1,phishing_spoofing,1,reportsmishing_imc25,real_smishing::telecom::91
"Hi, one last reminder to avoid a phone non-return fee. Your lease plan ended 05/12 on 05/12, and you need to return your leased Apple iPhone X in store in a return-ready state and good working order by 05/12. If you do not return your lease phone by this date you will be charged a non-return fee - talk to our friendly experts about your options. Find out more: http://bit.ly/3xK9fQ2",1,phishing_spoofing,1,reportsmishing_imc25,real_smishing::telecom::92
A Photo/Video message was sent to you but couldn't be delivered. A notification on how to view this message will follow shortly. Your password is: 5&7Qn=your provider I've sent you your provider. Go to http://bit.ly/3xK9fQ2 Your message is valid for 05/12,1,phishing_spoofing,1,reportsmishing_imc25,real_smishing::telecom::93
We were unable to validate your billing information. Please confirm your current info to avoid your line being suspended: http://bit.ly/3xK9fQ2,1,phishing_spoofing,1,reportsmishing_imc25,real_smishing::telecom::94
"we have been unable to process your last bill , to avoid suspension of your contract please update billing information now http://bit.ly/3xK9fQ2",1,phishing_spoofing,1,reportsmishing_imc25,real_smishing::telecom::95
"Dear Customer, we have received a request re-garding your Airtel number 1-800-555-0199 from a non-registered email ID. Please click here http://bit.ly/3xK9fQ2 to authenticate your account and help us process your request.",1,phishing_spoofing,1,reportsmishing_imc25,real_smishing::telecom::96
MINs Used of Avail as Of: 05/12 Anytime: 0 of Unlimited See our team,1,phishing_spoofing,1,reportsmishing_imc25,real_smishing::telecom::97
"Dear Customer, request received to ADD Star Sports Select 1 HD on your Airtel DigitalTV ID 00123456-001 and Order Id is 05/12. The same will be processed shortly We are unable to register your request as there is another request in process for your Airtel DigitalTV ID 00123456-001. Please try after some time.",1,phishing_spoofing,1,reportsmishing_imc25,real_smishing::telecom::98
Your SIM: your area is Pending Please call our customer Service for offer 05/12 Your Service will St0p within 05/12http://bit.ly/3xK9fQ2ank You. your provider,1,phishing_spoofing,1,reportsmishing_imc25,real_smishing::telecom::99
"Dear Customer, with reference to the Service Request no. 31-00123456 related to Data connectivity issue on your Airtel Mobile, we have taken the necessary action and the issue has been resolved. We hope you are able to enjoy Airtel services now. To check network coverage in your area, click http://bit.ly/3xK9fQ2 opennetwork. Thank you.",1,phishing_spoofing,1,reportsmishing_imc25,real_smishing::telecom::100
Your Balances are Android: 2930MB till 05/12 Bonus: 3584MB till 05/12 .Dial *141# to buy data plans,1,phishing_spoofing,1,reportsmishing_imc25,real_smishing::telecom::101
"Dear Customer, you have been subscribed to Hungama Weekly Rs. 23.9 successfully.",1,phishing_spoofing,1,reportsmishing_imc25,real_smishing::telecom::102
Your complaint is checked and your our team service is working http://bit.ly/3xK9fQ2 can continue using service.If you face any issue call 1-800-555-0199 to speak to service desk.,1,phishing_spoofing,1,reportsmishing_imc25,real_smishing::telecom::103
"Hello. We've been trying to call you about your <broadband/home phone> fault. If you're still having problems, please call us on 05/12 free from any your area mobile or landline and we can go through some checks to help get things sorted. Just remember to mention your reference number Ä939556Ñ when you call. Or you can head to http://bit.ly/3xK9fQ2 to find answers to our most common questions. If we don't hear from you, we'll automatically close our",1,phishing_spoofing,1,reportsmishing_imc25,real_smishing::telecom::104
Congrats! ₹51 has been credited to your wallet. Install the Airtel Thanks app now to claim your prize,1,phishing_spoofing,1,reportsmishing_imc25,real_smishing::telecom::105
"207:Txn No. DLR171030014 1-800-555-0199 to Recharge MRP 53 is successful . TT= 0 INR, New Balance 0 INR, P.F 44.92 INR, GST 8.08 INR DIAL *05/12 to know balance and more.",1,phishing_spoofing,1,reportsmishing_imc25,real_smishing::telecom::106
"D1234567:We were unable to process your latest bill. In order to avoid fees, please update your payment information via: http://bit.ly/3xK9fQ2 /?D1234567=2",1,phishing_spoofing,1,reportsmishing_imc25,real_smishing::telecom::107
Free VZW Msg: You're on the phone with your area and just authenticated with an alternative method. Not you? Please call us at 1-800-555-0199 immediately.,1,phishing_spoofing,1,reportsmishing_imc25,real_smishing::telecom::108
your provider has been activated as your HelloTune. Call D1234567 to enjoy Unlimited Tune change on your Airtel Mobile,1,phishing_spoofing,1,reportsmishing_imc25,real_smishing::telecom::109
Dear customer Your your provider documents has been Expired. Please contact customer care 1-800-555-0199 immediately. Your your provider will be blocked within 05/12.,1,phishing_spoofing,1,reportsmishing_imc25,real_smishing::telecom::110
To retrieve your voicemail from your provider click and dial 1-800-555-0199 To opt–out email,1,phishing_spoofing,1,reportsmishing_imc25,real_smishing::telecom::111
"Dear Customer, this is to inform you that a rental amount of Rs. 99 has been deducted towards International Roaming rental for 05/12.",1,phishing_spoofing,1,reportsmishing_imc25,real_smishing::telecom::112
"Recharge ₹5 for validity pack And Enjoy truly Unlimited local, STD & Roaming calls on any networks, 2GB Data05/12, 100 national sms/day for 05/12.",1,phishing_spoofing,1,reportsmishing_imc25,real_smishing::telecom::113
"RM0 TQ for subscribing to History from our team. Sub at RM4.00/week for 05/12 is successful. Sub renewal: 05/12. To cancel, dial *365*612#. Info: 1-800-555-0199",1,phishing_spoofing,1,reportsmishing_imc25,real_smishing::telecom::114
Dear customer your Sim Number has been closed for 24 har. please submit your Aadhar in your number kandly please call customer care immediately,1,phishing_spoofing,1,reportsmishing_imc25,real_smishing::telecom::115
Welcome to Reliance jio Require Document Note- Please submit complete address 1. Aadhar card ka dono side ka photo 2. passport size photo 3. Marks sheet [ 05/12 & other ] 4. Personal contact number. Welcome in Reliance jio For more information home based job.,1,phishing_spoofing,1,reportsmishing_imc25,real_smishing::telecom::116
"Hi, Your service request no. 00123456 has been assigned to engineer (your provider), He will be visiting at your premises between (05/12 09:30:00 AM). To track your request, click http://bit.ly/3xK9fQ2 We request you to keep the engineer informed if there is",1,phishing_spoofing,1,reportsmishing_imc25,real_smishing::telecom::117
Dear Customer Bsnl Sim Kyc Online Verification Request 100% deviceverify a0db0208-8867-456d-93ab-a03f156bae2 deviceverify 95b57184-2f2b-4249-bcd8-6d72b62a774 deviceverify 06f85e88-8ea2-444b-abf8-72aca42941f,1,phishing_spoofing,1,reportsmishing_imc25,real_smishing::telecom::118
Dear BSNL user your KYC document verification is Pending please call our customer service at,1,phishing_spoofing,1,reportsmishing_imc25,real_smishing::telecom::119
"Hello! Games pack is now active on your number, as requested. This service is valid till 1-800-555-0199 and a 05/12 rental of Rs.35 will reflect in your next bill. To deactivate SMS STOP to or call D1234567(toll free). Discover cool apps, movies, games, magazines & other free content http://bit.ly/3xK9fQ2",1,phishing_spoofing,1,reportsmishing_imc25,real_smishing::telecom::120
You have received a new bundle allocation. You have 150.00 mins to all networks and selected countries 5120.00 MB of data 100 SMS this will expire at 05/12.,1,phishing_spoofing,1,reportsmishing_imc25,real_smishing::telecom::121
Beware of fraudulent messages asking to call any number to update your KYC or promising free mobile data. DO NOT call on any number or click on any link given in these messages. Don't share personal details with callers from unknown/suspicious numbers. Stay safe. your provider,1,phishing_spoofing,1,reportsmishing_imc25,real_smishing::telecom::122
"From 3: Your 05/12 bill failed. To avoid service suspension, update your billing details at:",1,phishing_spoofing,1,reportsmishing_imc25,real_smishing::telecom::123
Your SIM Document verification is pending please call offer 1-800-555-0199 your service will be hold in 05/12 thanks RKG,1,phishing_spoofing,1,reportsmishing_imc25,real_smishing::telecom::124
ThreeUK: We couldn't take 05/12 payment. Please login and update details at http://bit.ly/3xK9fQ2,1,phishing_spoofing,1,reportsmishing_imc25,real_smishing::telecom::125
D1234567:your provider been unable to process your latest bill. Please follow http://bit.ly/3xK9fQ2 to avoid suspension,1,phishing_spoofing,1,reportsmishing_imc25,real_smishing::telecom::126
"LOADWATCH: You just made a chargeable call. Your balance as of 05/12 is D1234567.27, valid until 05/12. Dial *05/12 to check balance.",1,phishing_spoofing,1,reportsmishing_imc25,real_smishing::telecom::127
"Dear Valued Customer. You are due for an upgrade @ MTN Clearwater(Next 2 McDonalds, Opposite Foto First) on 05/12. Call us on 05/12 for more info. Thank You. MTN Cosmo-Net. Reply STOP to opt out",1,phishing_spoofing,1,reportsmishing_imc25,real_smishing::telecom::128
"Dear customer your bsnl sim Number has been b-locked for 05/12 please Ekyc Update submit Addhar Card 05/12 please call customer care: 1-800-555-0199 im,mediately",1,phishing_spoofing,1,reportsmishing_imc25,real_smishing::telecom::129
We are unable to process your request. We regret the inconvenience caused to you. Please call 199 for further details.,1,phishing_spoofing,1,reportsmishing_imc25,real_smishing::telecom::130
"#Alert! Outgoing Calls, SMS & Data services for 05/12 have STOPPED. To restart your services dial *121# & recharge with any Unlimited or All Rounder Pack.",1,phishing_spoofing,1,reportsmishing_imc25,real_smishing::telecom::131
Verizon Msg: No action is required. This is just a courtesy to let you know line ending in 05/12 is in the process of being transferred to a new carrier. If you did not authorize this transfer call 1-800-555-0199.,1,phishing_spoofing,1,reportsmishing_imc25,real_smishing::telecom::132
BSNL Dear customer your Bsnl kyc has been expire 05/12 please call BSNL office no 1-800-555-0199 immediately your BSNL SIM cad blocked 05/12 thank you,1,phishing_spoofing,1,reportsmishing_imc25,real_smishing::telecom::133
From Vodafone: Payment for your latest bill could not be processed by your bank. Please update your payment information via:,1,phishing_spoofing,1,reportsmishing_imc25,real_smishing::telecom::134
"Dear BSNL SIM KYC document verification is pending Please call our Customer service at 8513812740Your service will Blocked within. 05/12 Thank You your provider,,,,,,",1,phishing_spoofing,1,reportsmishing_imc25,real_smishing::telecom::135
"Dear Customer, Your vodafone SIM e-kyc Pending Documents. Call Vodafone helpline No 1-800-555-0199 immediately. Your Mobile no. Will be stopped 05/12.",1,phishing_spoofing,1,reportsmishing_imc25,real_smishing::telecom::136
Dear Customer Your SIM Documents has been pending please call customer care No.1-800-555-0199 Immediately your SIM will deactivate 24hrs.,1,phishing_spoofing,1,reportsmishing_imc25,real_smishing::telecom::137
"records no money was deducted since 05/12 on your call records. If any dispute regarding wasp providers needs to be taken up with the Wasp/ Content carrier as no refunds for content is done on your area side as we are not offering the content. Kind regards, Vodacom Customer Care your provider",1,phishing_spoofing,1,reportsmishing_imc25,real_smishing::telecom::138
Dear User Your AIRTEL KYC Had Been Suspended Immediately Your SIM Service Blocked Call Thank You Airtel Team,1,phishing_spoofing,1,reportsmishing_imc25,real_smishing::telecom::139
your provider customer your your provider has been suspended call your provider officer 1-800-555-0199 immediately. Your sim will be blocked within 05/12. Thank you your provider team,1,phishing_spoofing,1,reportsmishing_imc25,real_smishing::telecom::140
My3: Your services will be terminated in 05/12 as we were unable to take payment. Please visit http://bit.ly/3xK9fQ2 to avoid termination of services.,1,phishing_spoofing,1,reportsmishing_imc25,real_smishing::telecom::141
RM0.00 Your subscription to D1234567 has been terminated. Thank you for your patronage. Helpline 00123456,1,phishing_spoofing,1,reportsmishing_imc25,real_smishing::telecom::142
"RM0 CASE RESOLVED. Rebate of RM73.034 for case ID 1-00123456 has been credited to your account on 05/12 and it will be reflected in your next bill. Sincerely, Team Celcom",1,phishing_spoofing,1,reportsmishing_imc25,real_smishing::telecom::143
Internet access paused. Either your data bundle is depleted or you're not in Telkom's coverage and using a Telkom only bundle. Dial *05/12 or open your browser.,1,phishing_spoofing,1,reportsmishing_imc25,real_smishing::telecom::144
"Free Msg: Your bill is paid for 05/12. Thanks, here's a little gift for you: http://bit.ly/3xK9fQ2",1,phishing_spoofing,1,reportsmishing_imc25,real_smishing::telecom::145
We have been unable to process your last bill. To avoid suspension of your contract update your details here http://bit.ly/3xK9fQ2,1,phishing_spoofing,1,reportsmishing_imc25,real_smishing::telecom::146
"05/12, according to our records you recently interacted with your provider from the your area call centre. Based on this interaction, how likely are you to recommend Telkom to a friend or family member? Please respond with a number from 0 (Definitely won't) to 10 (Definitely will). SMS responses are free.",1,phishing_spoofing,1,reportsmishing_imc25,real_smishing::telecom::147
"Dear Customer, Complaint with registration number 00123456 on phone number 1-800-555-0199 has been resolved. If the complaint still persists kindly contact 1500 or 1-800-555-0199 for any further queries. Thanks for choosing BSNL as your Service provider.",1,phishing_spoofing,1,reportsmishing_imc25,real_smishing::telecom::148
(BELLUpdate-REF669969) We are displeased to inform you our system has identified a data-roaming error which has lead to a system-wide overcharge. All customer are offered a reimbursement based on your affected usage.,1,phishing_spoofing,1,reportsmishing_imc25,real_smishing::telecom::149
